Rk,Player,Pos,Age,Tm,G,MP,PER,TS%,3PAr,FTr,ORB%,DRB%,TRB%,AST%,STL%,BLK%,TOV%,USG%,,OWS,DWS,WS,WS/48,,OBPM,DBPM,BPM,VORP
1,Alex Abrines\abrinal01,SG,23,Oklahoma City Thunder,65,1011,9.5,.550,.726,.153,1.7,7.0,4.3,5.5,1.7,0.6,8.1,15.7,,1.0,0.9,1.9,.089,,-0.6,-2.3,-2.9,-0.2
2,Quincy Acy\acyqu01,PF,26,TOT,35,514,12.6,.581,.526,.385,3.8,18.3,11.1,4.8,1.2,2.1,9.4,17.0,,0.6,0.5,1.0,.095,,-1.5,-1.2,-2.7,-0.1
3,Quincy Acy\acyqu01,PF,26,Dallas Mavericks,6,48,-1.4,.355,.412,.176,4.7,15.4,9.7,0.0,0.0,0.0,9.8,20.0,,-0.2,0.0,-0.1,-0.132,,-10.1,-6.0,-16.1,-0.2
4,Quincy Acy\acyqu01,PF,26,Brooklyn Nets,29,466,14.1,.606,.540,.410,3.7,18.7,11.3,5.2,1.3,2.3,9.4,16.6,,0.7,0.4,1.2,.119,,-0.6,-0.6,-1.3,0.1
5,Steven Adams\adamsst01,C,23,Oklahoma City Thunder,74,2230,16.4,.594,.003,.401,12.5,15.6,14.0,5.4,1.8,2.7,16.2,16.3,,3.1,2.9,6.0,.128,,-0.8,1.2,0.5,1.4
6,Arron Afflalo\afflaar01,SG,31,Sacramento Kings,59,1526,8.7,.554,.369,.224,0.7,8.4,4.6,7.0,0.7,0.4,8.2,14.5,,1.0,0.2,1.3,.040,,-1.5,-2.1,-3.6,-0.6
7,Alexis Ajinca\ajincal01,C,28,New Orleans Pelicans,34,475,11.9,.511,.023,.233,8.6,23.8,16.2,3.2,1.8,3.5,15.1,16.1,,-0.1,0.8,0.7,.073,,-5.6,1.7,-3.9,-0.2
8,Cole Aldrich\aldrico01,C,28,Minnesotta Timberwolves,60,509,13.1,.563,.000,.275,11.1,24.3,17.6,6.7,2.5,3.9,15.1,9.2,,0.6,0.7,1.4,.128,,-1.8,3.0,1.2,0.4
9,LaMarcus Aldridge\aldrila01,PF,31,San Antonio Spurs,67,2190,18.6,.531,.052,.268,8.9,16.9,13.0,10.4,0.9,3.0,7.8,24.7,,3.4,3.4,6.8,.150,,-0.2,1.2,1.0,1.7
10,Lavoy Allen\allenla01,PF,27,Indiana Pacers,58,848,11.3,.480,.006,.199,13.2,14.4,13.8,8.9,1.2,2.3,13.8,10.7,,0.8,0.7,1.5,.086,,-1.8,1.4,-0.4,0.3
11,Tony Allen\allento01,SG,35,Memphis Grizzlies,67,1840,12.9,.489,.092,.225,9.5,13.8,11.6,8.2,3.1,1.5,13.6,17.8,,0.0,2.8,2.8,.073,,-2.0,2.5,0.6,1.2
12,Al-Farouq Aminu\aminual01,SF,26,Portland Trailblazers,56,1612,11.0,.506,.448,.288,4.6,24.1,14.3,8.0,1.7,1.8,15.8,15.3,,-0.2,1.8,1.5,.046,,-2.5,1.1,-1.4,0.2
13,Chris Andersen\anderch01,C,38,Cleveland Cavaliers,12,114,11.6,.497,.136,.636,9.0,20.6,15.0,5.9,2.2,4.9,15.1,12.9,,0.1,0.2,0.2,.101,,-3.8,2.9,-0.9,0.0
14,Alan Anderson\anderal01,SF,34,Los Angeles Clippers,29,304,4.7,.482,.544,.203,1.1,7.5,4.4,5.0,0.5,0.0,7.5,13.7,,0.0,0.1,0.1,.011,,-2.9,-2.4,-5.2,-0.3
15,Justin Anderson\anderju01,SF,23,TOT,70,1079,13.8,.525,.437,.266,6.7,18.4,12.4,8.8,1.7,1.8,11.8,21.4,,0.3,1.3,1.6,.070,,-1.6,-0.1,-1.7,0.1
16,Justin Anderson\anderju01,SF,23,Dallas Mavericks,51,710,14.7,.521,.440,.318,6.1,19.0,12.3,7.6,2.1,2.0,11.2,23.7,,0.1,0.9,1.0,.069,,-1.8,-0.1,-1.9,0.0
17,Justin Anderson\anderju01,SF,23,Philadelphia 76ers,19,369,12.1,.534,.427,.145,7.8,17.2,12.5,11.1,1.1,1.3,13.2,16.9,,0.2,0.3,0.6,.072,,-1.2,-0.1,-1.3,0.1
18,Kyle Anderson\anderky01,SG,23,San Antonio Spurs,66,883,12.7,.542,.188,.294,3.4,19.0,11.4,12.3,2.6,2.1,14.7,11.5,,0.7,1.8,2.5,.134,,-1.9,3.7,1.8,0.9
19,Ryan Anderson\anderry01,PF,28,Houston Rockets,68,2028,13.2,.577,.645,.201,6.0,11.4,8.7,4.4,0.7,0.5,6.5,17.8,,3.7,1.2,4.9,.115,,1.5,-2.5,-1.0,0.5
20,Giannis Antetokounmpo\antetgi01,SF,22,Milwaukee Bucks,76,2709,26.5,.604,.145,.481,5.9,22.4,14.2,26.1,2.4,4.7,13.0,28.3,,8.0,4.2,12.2,.217,,4.4,3.4,7.8,6.7
21,Carmelo Anthony\anthoca01,SF,32,New York Knicks,71,2447,18.0,.538,.305,.262,2.6,15.8,9.2,14.4,1.2,1.1,9.1,28.9,,3.1,1.5,4.6,.091,,1.5,-2.2,-0.6,0.8
22,Joel Anthony\anthojo01,C,34,San Antonio Spurs,17,90,11.0,.605,.000,.143,9.1,18.4,13.9,3.1,1.1,3.6,16.8,9.0,,0.1,0.2,0.3,.134,,-2.9,2.2,-0.7,0.0
23,Trevor Ariza\arizatr01,SF,31,Houston Rockets,76,2626,12.6,.557,.701,.160,2.1,16.1,9.1,8.6,2.6,0.6,7.9,14.0,,2.9,3.2,6.1,.112,,0.9,1.2,2.1,2.7
24,Darrell Arthur\arthuda01,PF,28,Denver Nuggets,39,598,12.7,.586,.533,.065,4.5,15.4,9.9,10.0,1.2,2.6,14.2,17.0,,0.6,0.3,1.0,.076,,0.2,-0.8,-0.6,0.2
25,Omer Asik\asikom01,C,30,New Orleans Pelicans,31,482,9.8,.517,.000,.600,10.5,25.2,17.8,4.2,0.5,1.7,14.6,8.8,,0.4,0.6,1.0,.103,,-4.3,1.2,-3.1,-0.1
26,D.J. Augustin\augusdj01,PG,29,Orlando Magic,75,1483,11.6,.533,.529,.315,1.0,7.4,4.1,20.7,1.0,0.1,13.0,19.4,,1.0,0.5,1.6,.051,,-0.5,-3.2,-3.8,-0.7
27,Luke Babbitt\babbilu01,SF,27,Miami Heat,68,1065,8.4,.563,.747,.053,1.3,13.5,7.4,4.8,1.0,0.8,8.0,13.0,,0.8,1.0,1.8,.082,,-1.0,-0.8,-1.8,0.0
28,Ron Baker\bakerro01,SG,23,New York Knicks,47,695,7.3,.449,.392,.216,1.7,11.0,6.3,15.9,2.3,0.8,18.9,14.8,,-0.6,0.5,-0.1,-0.009,,-3.8,-0.6,-4.4,-0.4
29,Wade Baldwin\baldwwa01,PG,20,Memphis Grizzlies,28,341,6.7,.416,.216,.364,2.3,9.3,5.7,24.1,2.3,2.0,25.0,18.1,,-0.6,0.4,-0.2,-0.032,,-6.2,0.5,-5.7,-0.3
30,Leandro Barbosa\barbole01,SG,34,Phoenix Suns,67,963,11.5,.509,.250,.115,1.7,10.4,5.9,13.1,1.5,0.7,10.4,20.0,,0.3,0.4,0.6,.031,,-2.0,-2.1,-4.1,-0.5
31,J.J. Barea\bareajo01,PG,32,Dallas Mavericks,31,697,17.0,.518,.414,.158,1.4,10.9,6.0,42.6,0.9,0.1,14.0,25.7,,0.8,0.4,1.2,.082,,1.8,-2.6,-0.8,0.2
32,Harrison Barnes\barneha02,PF,24,Dallas Mavericks,76,2723,16.6,.541,.171,.220,3.8,13.4,8.4,7.8,1.3,0.5,6.7,25.5,,2.5,2.2,4.7,.084,,-0.6,-1.1,-1.7,0.2
33,Matt Barnes\barnema02,SF,36,TOT,71,1715,10.0,.509,.558,.190,4.6,19.8,12.3,15.7,1.3,1.3,17.6,15.8,,0.1,1.6,1.6,.046,,-1.3,0.5,-0.8,0.5
34,Matt Barnes\barnema02,SF,36,Sacramento Kings,54,1367,10.2,.501,.551,.172,4.7,20.3,12.5,16.3,1.3,1.1,16.8,16.4,,-0.1,1.0,1.0,.034,,-1.3,0.3,-1.0,0.3
35,Matt Barnes\barnema02,SF,36,Golden State Warriors,17,348,9.3,.547,.595,.284,4.4,17.8,11.5,13.5,1.2,2.1,21.6,13.2,,0.1,0.5,0.7,.093,,-1.7,1.5,-0.2,0.2
36,Will Barton\bartowi01,SG,26,Denver Nuggets,60,1705,15.5,.546,.352,.285,3.8,13.1,8.4,17.8,1.4,1.3,11.4,21.1,,2.5,0.7,3.2,.091,,1.3,-1.1,0.2,1.0
37,Brandon Bass\bassbr01,PF,31,Los Angeles Clippers,49,551,19.2,.643,.017,.438,8.3,16.4,12.5,5.7,1.3,1.6,11.7,19.5,,1.4,0.6,2.0,.174,,-0.2,-0.7,-0.9,0.1
38,Nicolas Batum\batumni01,SG,28,Charlotte Hornets,72,2468,15.5,.527,.421,.288,2.0,18.6,10.3,27.1,1.6,1.0,15.2,22.1,,1.4,2.8,4.3,.083,,0.5,0.8,1.3,2.0
39,Jerryd Bayless\bayleje01,PG,28,Philadelphia 76ers,3,71,8.7,.453,.156,.313,4.7,13.9,9.3,29.3,0.0,0.0,19.8,27.7,,-0.1,0.0,-0.1,-0.065,,-5.2,-2.8,-8.0,-0.1
40,Aron Baynes\baynear01,C,30,Detroit Pistons,74,1144,12.9,.561,.000,.336,10.0,21.6,15.6,4.0,0.8,2.8,13.0,14.0,,1.4,1.5,2.9,.120,,-3.1,1.2,-1.9,0.0
41,Kent Bazemore\bazemke01,SF,27,Atlanta Hawks,70,1896,11.3,.499,.366,.227,2.5,10.2,6.4,14.0,2.2,2.3,13.4,20.4,,-0.7,2.6,1.9,.047,,-2.2,1.1,-1.1,0.4
42,Bradley Beal\bealbr01,SG,23,Washington Wizards,73,2542,20.0,.603,.419,.257,2.2,7.8,5.0,16.2,1.5,0.6,9.5,26.5,,6.5,1.5,8.0,.151,,4.5,-2.4,2.2,2.7
43,Malik Beasley\beaslma01,SG,20,Denver Nuggets,19,90,13.8,.526,.386,.182,2.5,8.6,5.6,10.4,2.2,0.0,9.5,24.8,,0.0,0.0,0.1,.043,,-0.9,-4.1,-5.1,-0.1
44,Michael Beasley\beaslmi01,PF,28,Milwaukee Bucks,52,870,18.0,.594,.102,.270,5.2,19.2,12.3,9.9,1.5,2.4,13.4,25.1,,0.8,0.9,1.7,.096,,-1.5,-1.2,-2.7,-0.2
45,Marco Belinelli\belinma01,SG,30,Charlotte Hornets,72,1745,13.3,.565,.458,.275,0.9,10.1,5.5,13.0,1.2,0.5,9.1,19.2,,2.0,1.3,3.3,.090,,0.1,-1.8,-1.7,0.1
46,DeAndre' Bembry\bembrde01,SF,22,Atlanta Hawks,34,315,8.5,.457,.172,.184,4.2,12.0,8.2,11.1,0.9,1.1,10.5,14.5,,-0.1,0.3,0.2,.031,,-4.7,-0.4,-5.1,-0.2
47,Dragan Bender\bendedr01,PF,19,Phoenix Suns,39,496,6.1,.473,.632,.075,4.1,15.8,9.8,4.8,0.9,3.4,16.9,14.0,,-0.4,0.3,-0.1,-0.013,,-3.8,-0.1,-3.8,-0.2
48,Anthony Bennett\bennean01,PF,23,Brooklyn Nets,23,264,14.7,.533,.522,.391,10.2,21.0,15.7,7.1,0.9,0.9,10.0,19.4,,0.3,0.2,0.5,.091,,-0.7,-2.2,-2.9,-0.1
49,Ben Bentil\bentibe01,PF,21,Dallas Mavericks,3,10,-17.6,.000,.333,.000,0.0,24.6,11.7,0.0,0.0,0.0,25.0,18.9,,-0.1,0.0,-0.1,-0.474,,-22.4,-4.5,-26.9,-0.1
50,Davis Bertans\bertada01,PF,24,San Antonio Spurs,62,719,12.6,.608,.725,.165,2.9,11.1,7.1,8.6,1.2,2.8,11.5,15.2,,1.0,1.0,2.0,.135,,1.0,0.6,1.5,0.6
51,Patrick Beverley\beverpa01,SG,28,Houston Rockets,63,1935,13.0,.547,.532,.157,4.9,15.4,10.1,18.8,2.3,1.0,14.8,14.2,,2.7,2.3,5.0,.124,,0.9,1.5,2.3,2.1
52,Bismack Biyombo\biyombi01,C,24,Orlando Magic,76,1727,12.0,.541,.000,.678,9.2,25.4,17.1,5.9,0.6,4.1,17.7,13.1,,0.7,2.0,2.7,.075,,-4.3,2.1,-2.2,-0.1
53,Nemanja Bjelica\bjeline01,PF,28,Minnesotta Timberwolves,65,1190,11.0,.526,.497,.171,5.5,18.8,12.0,9.7,1.7,1.4,13.4,16.5,,0.6,1.0,1.5,.062,,-0.8,-0.3,-1.1,0.3
54,Tarik Black\blackta01,C,25,Los Angeles Lakers,62,992,14.9,.562,.007,.383,14.8,20.2,17.4,5.5,1.1,3.0,15.4,16.0,,1.4,0.6,2.0,.098,,-1.7,-0.4,-2.1,0.0
55,Eric Bledsoe\bledser01,PG,27,Phoenix Suns,66,2176,20.6,.563,.300,.443,2.5,13.8,8.0,31.2,2.0,1.2,15.3,28.1,,4.0,1.4,5.4,.119,,3.6,-0.4,3.2,2.9
56,Bojan Bogdanovic\bogdabo02,SF,27,TOT,76,1977,13.9,.588,.464,.293,2.0,12.3,7.2,8.8,0.8,0.3,12.1,22.6,,2.1,0.9,3.0,.072,,0.1,-2.7,-2.6,-0.3
57,Bojan Bogdanovic\bogdabo02,SF,27,Brooklyn Nets,55,1482,13.1,.572,.453,.273,1.7,12.3,7.0,10.1,0.8,0.2,11.8,22.4,,1.1,0.6,1.7,.054,,-0.3,-2.6,-2.9,-0.3
58,Bojan Bogdanovic\bogdabo02,SF,27,Washington Wizards,21,495,16.4,.637,.497,.355,3.0,12.2,7.6,5.2,1.0,0.7,12.7,23.0,,1.0,0.3,1.3,.124,,1.4,-3.1,-1.7,0.0
59,Andrew Bogut\bogutan01,C,32,TOT,27,583,9.3,.460,.012,.136,10.7,34.1,21.9,12.3,1.2,3.9,33.4,10.5,,-0.3,1.0,0.7,.056,,-5.6,5.4,-0.2,0.3
60,Andrew Bogut\bogutan01,C,32,Dallas Mavericks,26,582,9.4,.460,.012,.136,10.7,34.2,21.9,12.3,1.2,3.9,33.4,10.5,,-0.3,1.0,0.7,.056,,-5.6,5.4,-0.2,0.3
61,Andrew Bogut\bogutan01,C,32,Cleveland Cavaliers,1,1,-35.3,,,,0.0,0.0,0.0,0.0,0.0,0.0,,0.0,,0.0,0.0,0.0,.019,,-5.7,0.0,-5.7,0.0
62,Joel Bolomboy\bolomjo01,PF,23,Utah Jazz,10,35,19.0,.581,.167,.333,3.4,32.2,18.1,10.1,1.5,2.3,12.7,21.0,,0.0,0.1,0.1,.136,,-3.1,1.2,-1.9,0.0
63,Devin Booker\bookede01,SG,20,Phoenix Suns,75,2628,14.4,.532,.282,.309,1.8,8.3,5.0,16.2,1.2,0.6,13.2,28.5,,1.2,0.6,1.8,.033,,0.2,-2.7,-2.5,-0.4
64,Trevor Booker\booketr01,PF,29,Brooklyn Nets,69,1714,15.8,.556,.134,.190,8.8,25.7,17.3,13.0,2.0,1.2,16.7,18.7,,1.0,2.2,3.2,.089,,-1.5,1.8,0.2,1.0
65,Avery Bradley\bradlav01,SG,26,Boston Celtics,50,1668,14.9,.554,.351,.116,3.9,16.7,10.4,11.2,1.9,0.5,10.3,22.3,,1.0,1.9,2.9,.084,,-0.1,-0.2,-0.3,0.7
66,Corey Brewer\breweco01,SF,30,TOT,77,1181,8.9,.494,.354,.201,2.7,11.8,7.2,9.7,2.0,1.3,11.9,14.2,,0.1,1.1,1.2,.049,,-2.9,0.0,-2.8,-0.3
67,Corey Brewer\breweco01,SF,30,Houston Rockets,58,923,7.5,.491,.414,.194,2.5,11.1,6.8,9.0,1.9,1.0,12.7,12.9,,0.0,0.9,0.9,.047,,-3.1,0.0,-3.0,-0.2
68,Corey Brewer\breweco01,SF,30,Los Angeles Lakers,19,258,14.0,.501,.207,.217,3.7,14.5,8.9,12.4,2.5,2.5,9.8,18.5,,0.1,0.2,0.3,.056,,-2.3,0.0,-2.2,0.0
69,Malcolm Brogdon\brogdma01,SG,24,Milwaukee Bucks,73,1934,14.9,.557,.304,.204,2.7,9.5,6.2,24.3,2.2,0.5,14.0,18.5,,2.6,1.4,4.1,.101,,0.8,-1.3,-0.5,0.7
70,Aaron Brooks\brookaa01,PG,32,Indiana Pacers,60,817,9.6,.496,.422,.132,2.5,6.3,4.4,21.3,1.5,1.0,17.0,20.1,,-0.4,0.5,0.1,.006,,-2.3,-2.5,-4.8,-0.6
71,Anthony Brown\brownan02,SF,24,TOT,11,159,7.2,.430,.540,.000,5.3,16.8,11.0,7.7,1.5,0.5,10.7,15.6,,-0.2,0.2,0.0,.005,,-3.8,-0.1,-3.9,-0.1
72,Anthony Brown\brownan02,SF,24,New Orleans Pelicans,9,143,5.9,.415,.585,.000,4.4,14.7,9.6,6.0,1.7,0.6,10.9,14.3,,-0.2,0.2,0.0,-0.004,,-4.3,0.1,-4.3,-0.1
73,Anthony Brown\brownan02,SF,24,Orlando Magic,2,16,18.6,.500,.333,.000,13.2,35.1,23.8,23.0,0.0,0.0,10.0,27.5,,0.0,0.0,0.0,.080,,1.0,-1.7,-0.7,0.0
74,Bobby Brown\brownbo02,PG,32,Houston Rockets,22,65,4.4,.431,.556,.000,0.0,8.5,4.2,7.1,0.0,0.0,7.7,25.4,,-0.1,0.0,-0.1,-0.087,,-6.0,-6.5,-12.5,-0.2
75,Jaylen Brown\brownja02,SF,20,Boston Celtics,73,1248,10.6,.546,.314,.311,3.8,14.8,9.4,7.1,1.3,1.1,12.1,17.9,,0.4,1.2,1.6,.062,,-2.9,-0.9,-3.7,-0.5
76,Nicolas Brussino\brussni01,SF,23,Dallas Mavericks,48,359,10.2,.477,.663,.135,5.9,16.8,11.1,12.6,1.7,1.8,12.9,14.3,,0.0,0.4,0.5,.062,,-2.2,1.1,-1.1,0.1
77,Reggie Bullock\bullore01,SF,25,Detroit Pistons,26,348,8.0,.443,.532,.074,2.7,13.0,7.7,7.5,1.7,0.7,8.5,13.5,,-0.1,0.4,0.3,.035,,-3.2,0.5,-2.7,-0.1
78,Trey Burke\burketr01,PG,24,Washington Wizards,55,665,9.9,.510,.261,.112,1.2,6.4,3.8,20.6,0.7,0.6,14.8,19.4,,0.1,0.2,0.3,.023,,-2.9,-3.4,-6.3,-0.7
79,Alec Burks\burksal01,SG,25,Utah Jazz,38,597,12.1,.508,.315,.323,3.2,16.2,9.9,7.4,1.6,0.5,10.8,23.2,,0.0,0.8,0.8,.065,,-2.9,-1.0,-3.9,-0.3
80,Jimmy Butler\butleji01,SF,27,Chicago Bulls,71,2629,25.2,.585,.201,.545,5.0,13.2,9.1,25.0,2.6,0.8,9.0,26.5,,9.6,3.1,12.7,.232,,6.0,0.9,6.8,5.9
81,Bruno Caboclo\cabocbr01,SF,21,Toronto Raptors,8,23,7.9,.300,.600,.000,14.7,14.7,14.7,17.0,4.4,0.0,28.6,13.6,,0.0,0.0,0.0,.010,,-2.2,2.7,0.5,0.0
82,Jose Calderon\caldejo01,PG,35,TOT,36,450,7.9,.481,.477,.110,3.1,12.1,7.5,21.6,1.2,0.2,23.4,14.3,,-0.2,0.2,0.0,.001,,-3.5,-1.7,-5.2,-0.4
83,Jose Calderon\caldejo01,PG,35,Los Angeles Lakers,24,292,9.1,.508,.442,.052,2.9,12.8,7.7,24.7,1.2,0.3,24.8,15.3,,-0.1,0.0,0.0,-0.004,,-3.0,-2.3,-5.4,-0.2
84,Jose Calderon\caldejo01,PG,35,Atlanta Hawks,12,158,5.8,.422,.563,.250,3.5,11.0,7.3,15.8,1.2,0.0,20.2,12.3,,-0.1,0.2,0.0,.011,,-4.5,-0.6,-5.1,-0.1
85,Kentavious Caldwell-Pope\caldwke01,SG,23,Detroit Pistons,72,2431,13.2,.524,.465,.201,2.3,8.5,5.3,11.5,1.8,0.4,7.7,19.2,,2.2,2.4,4.7,.092,,1.1,0.0,1.1,1.9
86,Isaiah Canaan\canaais01,SG,25,Chicago Bulls,37,583,8.1,.482,.538,.183,1.1,7.7,4.4,8.7,1.9,0.1,9.4,15.1,,0.0,0.5,0.5,.038,,-2.2,-1.3,-3.6,-0.2
87,Clint Capela\capelca01,C,22,Houston Rockets,62,1474,21.0,.628,.000,.317,12.6,24.7,18.6,6.8,1.1,4.2,11.9,19.8,,3.5,2.1,5.6,.182,,-0.2,1.0,0.8,1.1
88,DeMarre Carroll\carrode01,SF,30,Toronto Raptors,67,1780,12.3,.536,.577,.214,3.9,12.8,8.4,5.8,2.2,1.4,8.0,15.6,,1.8,2.0,3.8,.103,,0.9,0.4,1.3,1.5
89,Vince Carter\cartevi01,SG,40,Memphis Grizzlies,68,1675,11.6,.532,.592,.240,2.3,12.7,7.4,11.3,1.8,1.9,7.9,15.0,,1.7,2.0,3.6,.105,,0.0,1.0,1.1,1.3
90,Michael Carter-Williams\cartemi01,PG,25,Chicago Bulls,40,781,10.3,.452,.214,.267,3.3,17.2,10.1,19.9,2.0,2.1,16.7,21.1,,-0.8,1.0,0.2,.014,,-3.8,1.2,-2.5,-0.1
91,Omri Casspi\casspom01,SF,28,TOT,29,510,10.1,.526,.270,.177,5.0,16.9,11.0,8.7,1.3,0.3,14.1,15.7,,0.0,0.3,0.3,.031,,-2.8,-1.2,-3.9,-0.2
92,Omri Casspi\casspom01,SF,28,Sacramento Kings,22,397,11.4,.511,.248,.179,5.9,20.3,13.1,10.2,1.3,0.2,11.9,16.4,,0.1,0.3,0.4,.042,,-2.5,-1.0,-3.4,-0.1
93,Omri Casspi\casspom01,SF,28,New Orleans Pelicans,1,24,10.0,.667,.444,.000,4.4,4.4,4.4,0.0,0.0,0.0,18.2,20.3,,0.0,0.0,0.0,.018,,-2.5,-5.6,-8.1,0.0
94,Omri Casspi\casspom01,SF,28,Minnesotta Timberwolves,6,89,4.3,.567,.333,.267,1.3,5.3,3.3,4.6,1.7,1.0,26.4,11.3,,-0.1,0.0,0.0,-0.014,,-4.1,-0.9,-5.0,-0.1
95,Willie Cauley-Stein\caulewi01,C,23,Sacramento Kings,70,1283,15.7,.562,.005,.337,6.5,19.4,13.0,9.2,1.9,2.8,12.0,19.2,,1.2,1.3,2.5,.094,,-2.2,0.8,-1.4,0.2
96,Tyson Chandler\chandty01,C,34,Phoenix Suns,47,1298,16.6,.703,.000,.544,12.6,33.3,22.6,3.3,1.2,1.5,19.2,11.3,,2.7,1.3,4.0,.149,,-0.8,0.3,-0.4,0.5
97,Wilson Chandler\chandwi01,SF,29,Denver Nuggets,66,2051,15.2,.543,.338,.203,5.4,17.7,11.5,10.2,1.2,1.1,10.2,22.3,,2.2,1.0,3.2,.075,,0.5,-1.4,-0.9,0.6
98,Marquese Chriss\chrisma01,PF,19,Phoenix Suns,78,1647,12.2,.529,.358,.283,5.9,15.8,10.7,4.9,1.8,3.2,13.2,19.7,,0.3,1.4,1.7,.049,,-1.7,0.0,-1.8,0.1
99,Rakeem Christmas\chrisra01,PF,25,Indiana Pacers,25,217,10.4,.528,.000,.628,13.5,15.3,14.4,2.6,0.7,2.4,12.7,13.0,,0.3,0.2,0.4,.096,,-3.1,-1.1,-4.2,-0.1
100,Semaj Christon\chrisse01,PG,24,Oklahoma City Thunder,58,840,5.5,.378,.270,.148,2.3,7.8,5.0,18.7,1.5,0.6,16.7,12.7,,-0.8,0.7,-0.1,-0.005,,-5.4,-1.3,-6.7,-1.0
101,Ian Clark\clarkia01,SG,25,Golden State Warriors,72,1028,13.9,.591,.378,.140,2.3,9.0,5.8,11.0,1.7,0.5,10.5,19.5,,1.1,1.2,2.3,.109,,-0.1,-1.6,-1.7,0.1
102,Jordan Clarkson\clarkjo01,SG,24,Los Angeles Lakers,77,2250,13.1,.525,.329,.158,2.2,9.0,5.5,14.2,1.9,0.3,12.5,23.3,,0.4,0.5,1.0,.020,,-0.5,-2.4,-2.9,-0.5
103,Norris Cole\coleno01,PG,28,Oklahoma City Thunder,9,68,2.6,.364,.179,.071,0.0,8.1,4.1,21.4,2.2,0.0,19.5,22.4,,-0.2,0.1,-0.2,-0.116,,-9.0,-2.9,-11.9,-0.2
104,Darren Collison\collida01,PG,29,Sacramento Kings,67,2035,15.2,.568,.244,.237,1.3,7.1,4.2,24.3,1.6,0.4,12.3,19.8,,3.1,0.7,3.8,.090,,0.8,-2.4,-1.6,0.2
105,Nick Collison\collini01,PF,36,Oklahoma City Thunder,16,96,13.3,.696,.000,.615,7.0,16.2,11.6,14.4,1.0,1.7,15.4,8.6,,0.2,0.1,0.3,.162,,-1.3,0.3,-1.0,0.0
106,Mike Conley\conlemi01,PG,29,Memphis Grizzlies,65,2185,22.9,.598,.414,.373,1.6,10.9,6.1,34.4,2.1,0.8,11.6,26.2,,7.0,2.4,9.4,.206,,6.3,-0.6,5.7,4.2
107,Pat Connaughton\connapa01,SG,24,Portland Trailblazers,35,234,10.0,.608,.404,.191,4.3,13.3,8.8,10.1,1.1,0.7,19.1,11.8,,0.2,0.1,0.3,.067,,-2.0,-1.2,-3.2,-0.1
108,Quinn Cook\cookqu01,PG,23,TOT,10,90,9.9,.567,.600,.067,0.0,5.3,2.5,25.9,1.1,0.0,20.6,20.3,,0.0,0.0,0.0,.014,,-2.1,-4.2,-6.2,-0.1
109,Quinn Cook\cookqu01,PG,23,Dallas Mavericks,5,77,6.9,.522,.560,.080,0.0,4.8,2.3,25.7,0.7,0.0,23.6,20.8,,-0.1,0.0,-0.1,-0.044,,-4.1,-4.5,-8.7,-0.1
110,Quinn Cook\cookqu01,PG,23,New Orleans Pelicans,5,13,27.5,.800,.800,.000,0.0,8.1,4.0,27.0,3.8,0.0,0.0,17.1,,0.1,0.0,0.1,.354,,10.1,-2.1,8.0,0.0
111,DeMarcus Cousins\couside01,C,26,TOT,71,2429,25.7,.562,.252,.470,6.9,29.4,18.2,25.7,2.0,3.4,13.6,36.6,,3.7,3.8,7.4,.147,,3.8,2.7,6.5,5.2
112,DeMarcus Cousins\couside01,C,26,Sacramento Kings,55,1891,26.6,.562,.239,.491,7.1,28.6,17.9,27.6,2.0,3.5,13.2,37.6,,3.4,2.6,6.0,.152,,4.6,2.6,7.1,4.3
113,DeMarcus Cousins\couside01,C,26,New Orleans Pelicans,16,538,22.8,.564,.299,.388,6.4,32.5,19.5,19.1,2.2,3.1,15.0,33.0,,0.3,1.1,1.4,.129,,1.2,3.0,4.3,0.8
114,Robert Covington\covinro01,SF,26,Philadelphia 76ers,67,2119,13.2,.534,.563,.238,4.8,17.8,11.3,7.5,2.9,2.6,13.9,19.2,,0.0,3.2,3.2,.073,,-0.7,2.1,1.5,1.9
115,Allen Crabbe\crabbal01,SG,24,Portland Trailblazers,76,2166,11.2,.597,.465,.194,1.0,10.1,5.5,5.9,1.1,0.7,8.2,14.8,,2.8,0.9,3.7,.082,,0.1,-1.5,-1.4,0.3
116,Jamal Crawford\crawfja01,SG,36,Los Angeles Clippers,78,2060,11.9,.523,.370,.231,0.9,5.8,3.4,15.3,1.4,0.6,12.5,22.9,,0.3,1.2,1.6,.037,,-1.1,-2.1,-3.1,-0.6
117,Jordan Crawford\crawfjo02,SG,28,New Orleans Pelicans,14,322,17.8,.596,.493,.125,1.3,7.9,4.6,21.5,0.9,0.5,8.6,24.1,,0.6,0.2,0.9,.129,,3.2,-3.0,0.3,0.2
118,Jae Crowder\crowdja01,SF,26,Boston Celtics,67,2173,14.7,.607,.552,.307,2.2,17.5,9.9,9.8,1.5,0.8,8.8,17.0,,3.8,2.3,6.1,.135,,1.2,0.1,1.3,1.8
119,Dante Cunningham\cunnida01,SF,29,New Orleans Pelicans,61,1541,9.9,.574,.503,.080,3.6,14.1,8.8,3.2,1.1,1.4,7.2,10.8,,1.1,1.6,2.8,.086,,-1.6,0.8,-0.8,0.5
120,Seth Curry\curryse01,PG,26,Dallas Mavericks,70,2029,15.5,.601,.458,.142,1.4,9.2,5.1,15.9,2.0,0.3,11.0,19.6,,2.9,1.8,4.7,.112,,1.8,-0.4,1.4,1.8
121,Stephen Curry\curryst01,PG,28,Golden State Warriors,75,2515,24.3,.623,.546,.250,2.7,11.4,7.3,30.6,2.6,0.4,13.0,29.9,,8.1,3.7,11.8,.226,,7.6,-0.5,7.0,5.7
122,Troy Daniels\danietr01,SG,25,Memphis Grizzlies,62,1094,10.9,.537,.728,.114,1.8,7.7,4.6,6.5,1.0,0.3,7.6,21.8,,0.6,0.7,1.4,.059,,0.7,-3.4,-2.8,-0.2
123,Anthony Davis\davisan02,C,23,New Orleans Pelicans,73,2643,27.5,.581,.086,.435,6.7,28.1,17.4,11.5,1.7,5.0,9.3,32.4,,5.9,5.2,11.1,.202,,1.5,2.5,4.0,4.0
124,Deyonta Davis\davisde01,C,20,Memphis Grizzlies,33,212,11.3,.550,.000,.419,9.4,21.7,15.3,1.5,0.2,7.2,13.6,12.6,,0.1,0.3,0.5,.102,,-5.5,1.6,-4.0,-0.1
125,Ed Davis\davised01,PF,27,Portland Trailblazers,46,789,11.5,.563,.000,.570,13.5,20.7,17.1,4.7,0.9,2.2,17.2,12.0,,1.0,0.7,1.7,.103,,-2.2,0.1,-2.1,0.0
126,Dewayne Dedmon\dedmode01,C,27,San Antonio Spurs,70,1220,16.3,.676,.000,.366,10.4,30.7,20.8,4.7,1.5,3.8,17.5,12.1,,2.2,2.8,5.0,.196,,-1.3,3.3,2.1,1.3
127,Sam Dekker\dekkesa01,SF,22,Houston Rockets,77,1419,13.1,.549,.436,.159,7.3,14.7,11.0,7.7,1.3,1.2,8.2,14.9,,1.9,1.3,3.2,.107,,-0.3,-0.6,-0.9,0.4
128,Malcolm Delaney\delanma01,PG,27,Atlanta Hawks,69,1174,7.2,.450,.276,.230,1.0,9.8,5.5,22.5,1.6,0.1,18.3,18.3,,-1.3,1.2,-0.1,-0.003,,-4.8,-1.1,-6.0,-1.2
129,Matthew Dellavedova\dellama01,PG,26,Milwaukee Bucks,72,1893,9.5,.502,.401,.187,1.3,7.2,4.3,26.0,1.4,0.0,19.0,16.2,,0.4,0.8,1.2,.030,,-1.8,-2.9,-4.7,-1.3
130,Luol Deng\denglu01,SF,31,Los Angeles Lakers,56,1486,10.1,.469,.386,.148,4.5,17.6,10.8,7.1,1.6,1.1,8.7,14.2,,0.1,0.7,0.8,.025,,-2.3,-0.3,-2.6,-0.2
131,DeMar DeRozan\derozde01,SG,27,Toronto Raptors,70,2478,24.1,.552,.082,.416,3.1,13.9,8.5,20.7,1.5,0.4,8.8,34.1,,6.5,2.2,8.7,.168,,2.5,-1.5,1.0,1.9
132,Cheick Diallo\diallch01,PF,20,New Orleans Pelicans,13,104,14.6,.435,.000,.222,13.1,21.3,17.2,4.6,1.4,2.4,3.9,21.9,,0.0,0.2,0.1,.067,,-5.1,-1.1,-6.2,-0.1
133,Boris Diaw\diawbo01,PF,34,Utah Jazz,68,1192,8.7,.496,.252,.100,4.4,9.3,6.9,19.7,0.7,0.5,20.7,15.9,,-0.2,1.1,0.9,.036,,-2.8,-0.3,-3.1,-0.3
134,Gorgui Dieng\dienggo01,PF,27,Minnesotta Timberwolves,75,2417,14.2,.553,.067,.250,8.2,20.6,14.3,8.4,1.7,3.1,12.7,14.3,,2.8,2.4,5.2,.104,,-0.6,2.2,1.6,2.2
135,Spencer Dinwiddie\dinwisp01,PG,23,Brooklyn Nets,54,1210,12.1,.565,.320,.520,2.0,10.8,6.5,20.1,1.5,1.4,15.1,14.1,,1.5,0.8,2.3,.091,,-1.2,-0.1,-1.3,0.2
136,Toney Douglas\douglto01,PG,30,Memphis Grizzlies,24,394,10.6,.451,.359,.248,3.7,14.4,8.8,22.2,2.4,1.2,13.9,17.3,,0.0,0.5,0.5,.060,,-2.2,1.0,-1.2,0.1
137,Goran Dragic\dragigo01,PG,30,Miami Heat,68,2276,19.9,.576,.262,.336,2.7,10.0,6.3,29.7,1.8,0.4,14.2,27.0,,4.7,2.4,7.1,.150,,3.5,-0.7,2.8,2.7
138,Andre Drummond\drumman01,C,23,Detroit Pistons,76,2286,21.1,.521,.008,.389,14.9,36.5,25.3,5.9,2.7,3.2,12.6,22.6,,1.3,5.1,6.4,.135,,-2.1,3.0,0.9,1.7
139,Jared Dudley\dudleja01,PF,31,Phoenix Suns,61,1293,10.3,.571,.593,.194,2.5,15.8,9.0,12.1,1.5,1.0,16.2,13.6,,0.9,0.7,1.6,.061,,-0.4,0.0,-0.4,0.5
140,Mike Dunleavy\dunlemi02,SF,36,TOT,48,765,9.2,.564,.617,.181,2.3,12.9,7.8,8.5,0.8,0.4,11.5,13.5,,0.6,0.6,1.2,.072,,-1.5,-1.2,-2.7,-0.1
141,Mike Dunleavy\dunlemi02,SF,36,Cleveland Cavaliers,23,366,7.7,.539,.633,.211,1.6,12.2,7.1,7.5,0.8,0.4,12.5,13.7,,0.1,0.2,0.3,.041,,-2.0,-1.7,-3.7,-0.2
142,Mike Dunleavy\dunlemi02,SF,36,Atlanta Hawks,25,399,10.6,.586,.602,.155,3.1,13.6,8.4,9.4,0.9,0.4,10.6,13.4,,0.5,0.4,0.8,.101,,-0.9,-0.8,-1.8,0.0
143,Kris Dunn\dunnkr01,PG,22,Minnesotta Timberwolves,71,1222,8.5,.446,.245,.206,2.2,13.1,7.6,18.5,3.0,2.4,20.8,14.3,,-1.0,1.3,0.3,.013,,-3.6,1.7,-1.8,0.1
144,Kevin Durant\duranke01,SF,28,Golden State Warriors,59,1980,27.7,.651,.301,.378,2.2,23.4,13.5,22.9,1.6,3.9,10.4,27.9,,7.6,3.8,11.4,.278,,5.5,2.6,8.1,5.1
145,Jarell Eddie\eddieja01,SF,25,Phoenix Suns,5,62,9.7,.523,.842,.474,1.7,10.9,6.2,0.0,0.8,0.0,4.2,16.2,,0.1,0.0,0.1,.055,,-1.6,-5.8,-7.4,-0.1
146,Henry Ellenson\ellenhe01,PF,20,Detroit Pistons,15,57,4.9,.448,.609,.043,3.7,19.8,11.5,10.3,0.0,0.0,20.4,22.9,,-0.2,0.0,-0.1,-0.089,,-5.9,-2.7,-8.6,-0.1
147,Wayne Ellington\ellinwa01,SG,29,Miami Heat,57,1393,12.4,.557,.697,.079,1.4,8.2,4.8,6.9,1.2,0.2,5.1,18.1,,1.8,1.1,2.9,.098,,1.5,-2.0,-0.5,0.5
148,Monta Ellis\ellismo01,SG,31,Indiana Pacers,69,1876,10.1,.517,.237,.232,1.1,10.4,5.8,17.5,1.8,1.1,17.7,17.0,,-0.5,1.5,1.0,.025,,-2.5,-0.1,-2.6,-0.3
149,Joel Embiid\embiijo01,C,22,Philadelphia 76ers,31,786,24.1,.584,.228,.569,8.6,25.4,17.0,16.0,1.7,7.7,17.9,36.0,,0.5,1.5,1.9,.119,,0.0,3.3,3.3,1.1
150,James Ennis\ennisja01,SF,26,Memphis Grizzlies,61,1446,10.6,.582,.425,.345,5.1,14.7,9.7,6.5,1.5,1.3,13.7,13.1,,1.4,1.6,3.1,.101,,-1.0,1.0,0.0,0.7
151,Tyler Ennis\ennisty01,PG,22,TOT,48,435,10.1,.496,.308,.119,2.5,8.2,5.3,22.1,2.3,0.0,18.1,20.0,,-0.1,0.2,0.1,.015,,-2.9,-2.5,-5.4,-0.4
152,Tyler Ennis\ennisty01,PG,22,Houston Rockets,31,196,4.0,.444,.250,.047,2.2,8.4,5.3,24.5,1.5,0.0,26.9,19.3,,-0.4,0.1,-0.2,-0.058,,-6.7,-2.7,-9.5,-0.4
153,Tyler Ennis\ennisty01,PG,22,Los Angeles Lakers,17,239,15.1,.529,.347,.168,2.6,8.0,5.2,20.1,3.1,0.0,11.3,20.6,,0.3,0.1,0.4,.075,,0.2,-2.3,-2.1,0.0
154,Tyreke Evans\evansty01,SG,27,TOT,38,740,16.3,.508,.322,.246,1.6,17.5,9.6,26.4,2.2,1.1,12.6,27.3,,0.0,0.9,0.9,.056,,-0.4,-0.1,-0.5,0.3
155,Tyreke Evans\evansty01,SG,27,New Orleans Pelicans,26,474,15.9,.491,.308,.256,1.3,17.8,9.5,31.6,2.4,0.7,13.4,27.3,,-0.1,0.7,0.6,.056,,-0.5,0.5,0.0,0.2
156,Tyreke Evans\evansty01,SG,27,Sacramento Kings,12,266,17.0,.538,.346,.231,2.2,16.9,9.6,17.3,1.9,1.7,11.2,27.5,,0.1,0.2,0.3,.057,,-0.1,-1.3,-1.4,0.0
157,Dante Exum\exumda01,PG,21,Utah Jazz,61,1113,8.9,.528,.398,.208,3.0,9.3,6.2,14.1,0.8,0.8,16.4,18.2,,0.1,1.1,1.3,.055,,-1.9,-0.6,-2.5,-0.1
158,Kenneth Faried\farieke01,PF,27,Denver Nuggets,58,1256,20.6,.590,.015,.458,15.8,23.9,19.9,6.0,1.6,2.5,10.4,18.3,,3.3,1.1,4.4,.169,,0.9,-0.2,0.7,0.9
159,Jordan Farmar\farmajo01,PG,30,Sacramento Kings,2,35,14.4,.500,.750,.000,3.3,6.6,5.0,38.8,2.9,0.0,20.0,19.4,,0.0,0.0,0.0,.063,,0.7,-3.8,-3.1,0.0
160,Derrick Favors\favorde01,PF,25,Utah Jazz,47,1134,15.6,.511,.023,.270,8.9,20.6,14.8,7.7,1.9,2.9,11.3,20.4,,0.5,2.1,2.6,.109,,-2.6,2.4,-0.2,0.5
161,Kay Felder\feldeka01,PG,21,Cleveland Cavaliers,41,379,10.7,.459,.142,.316,0.9,10.4,5.8,21.4,2.2,1.5,14.5,24.3,,-0.4,0.3,0.0,-0.003,,-5.2,-1.3,-6.5,-0.4
162,Cristiano Felicio\feliccr01,C,24,Chicago Bulls,62,988,15.4,.600,.000,.432,13.1,19.4,16.2,5.7,1.2,1.2,11.2,12.6,,2.0,1.1,3.1,.151,,-0.5,0.3,-0.3,0.4
163,Raymond Felton\feltora01,PG,32,Los Angeles Clippers,76,1626,10.9,.496,.283,.130,2.3,11.8,7.2,16.2,2.0,1.1,13.4,16.6,,0.1,1.6,1.8,.052,,-1.8,0.8,-1.0,0.4
164,Yogi Ferrell\ferreyo01,PG,23,TOT,40,1021,13.5,.549,.452,.238,1.8,9.2,5.4,22.7,1.9,0.6,14.4,19.0,,0.9,0.9,1.8,.085,,0.2,-0.5,-0.3,0.4
165,Yogi Ferrell\ferreyo01,PG,23,Brooklyn Nets,10,151,6.6,.482,.551,.327,2.8,5.5,4.2,16.9,0.6,1.0,20.0,19.9,,-0.2,0.0,-0.2,-0.049,,-4.0,-3.2,-7.2,-0.2
166,Yogi Ferrell\ferreyo01,PG,23,Dallas Mavericks,30,870,14.7,.562,.434,.223,1.7,9.9,5.6,23.7,2.2,0.5,13.3,18.9,,1.1,0.8,2.0,.108,,0.9,-0.1,0.8,0.6
167,Dorian Finney-Smith\finnedo01,PF,23,Dallas Mavericks,75,1480,7.8,.510,.596,.206,3.3,12.4,7.6,5.7,1.6,1.3,11.6,11.3,,0.1,1.4,1.5,.050,,-2.5,1.2,-1.3,0.3
168,Bryn Forbes\forbebr01,SG,23,San Antonio Spurs,31,202,4.7,.442,.500,.048,1.2,8.2,4.8,7.7,0.3,0.0,7.3,15.3,,-0.1,0.2,0.0,.011,,-3.7,-2.3,-6.1,-0.2
169,Evan Fournier\fournev01,SG,24,Orlando Magic,64,2113,13.8,.550,.382,.292,2.2,8.5,5.3,15.0,1.5,0.1,12.0,23.6,,1.4,1.1,2.5,.058,,0.7,-2.0,-1.3,0.4
170,Randy Foye\foyera01,SG,33,Brooklyn Nets,64,1203,7.5,.520,.612,.181,0.8,12.2,6.6,15.4,1.1,0.6,19.2,14.5,,-0.4,0.6,0.2,.010,,-2.9,-1.0,-3.9,-0.6
171,Tim Frazier\fraziti01,PG,26,New Orleans Pelicans,61,1439,12.5,.510,.313,.300,2.4,9.7,6.0,31.6,1.8,0.3,18.4,16.4,,1.0,1.4,2.4,.080,,-1.4,-0.7,-2.1,0.0
172,Channing Frye\fryech01,C,33,Cleveland Cavaliers,68,1281,14.9,.603,.645,.134,2.8,18.8,11.1,5.2,1.0,2.1,9.0,19.4,,1.9,1.2,3.0,.114,,0.6,-1.6,-1.1,0.3
173,Danilo Gallinari\gallida01,SF,28,Denver Nuggets,59,1984,17.2,.616,.424,.533,2.1,14.6,8.4,9.0,1.0,0.6,8.2,19.8,,5.6,0.5,6.2,.149,,2.7,-2.0,0.7,1.4
174,Langston Galloway\gallola01,PG,25,TOT,69,1343,10.4,.508,.581,.111,1.9,9.0,5.5,8.6,1.6,0.4,6.7,18.8,,0.1,1.1,1.2,.044,,-0.8,-1.5,-2.3,-0.1
175,Langston Galloway\gallola01,PG,25,New Orleans Pelicans,55,1120,11.2,.508,.608,.118,1.9,9.5,5.7,8.9,1.8,0.4,5.7,19.5,,0.2,1.1,1.3,.055,,-0.3,-1.3,-1.6,0.1
176,Langston Galloway\gallola01,PG,25,Sacramento Kings,14,223,6.8,.510,.397,.063,2.1,6.7,4.4,7.4,0.9,0.4,13.4,15.2,,-0.1,0.0,-0.1,-0.012,,-3.3,-2.6,-6.0,-0.2
177,Marc Gasol\gasolma01,C,32,Memphis Grizzlies,69,2385,20.2,.553,.230,.290,2.7,18.4,10.3,24.4,1.3,3.7,11.0,26.4,,4.0,3.2,7.2,.146,,2.1,2.1,4.2,3.7
178,Pau Gasol\gasolpa01,C,36,San Antonio Spurs,59,1509,20.2,.581,.166,.304,7.6,26.0,17.1,15.3,0.8,3.5,10.8,21.3,,3.1,2.8,6.0,.190,,1.1,2.8,3.9,2.3
179,Rudy Gay\gayru01,SF,30,Sacramento Kings,30,1013,17.9,.559,.256,.312,4.0,17.6,10.9,14.0,2.2,2.3,12.8,25.8,,0.8,1.0,1.8,.086,,0.3,0.4,0.7,0.7
180,Michael Gbinije\gbinimi01,SG,24,Detroit Pistons,9,32,-2.1,.184,.400,.200,6.6,3.5,5.1,7.9,0.0,0.0,0.0,15.1,,-0.1,0.0,-0.1,-0.137,,-7.8,-2.9,-10.7,-0.1
181,Alonzo Gee\geeal01,SF,29,Denver Nuggets,13,89,3.0,.306,.214,.643,5.0,12.5,8.7,8.2,2.8,0.9,18.2,10.5,,-0.1,0.1,-0.1,-0.037,,-5.5,0.9,-4.6,-0.1
182,Paul George\georgpa01,SF,26,Indiana Pacers,70,2499,19.5,.579,.363,.283,2.4,17.6,10.1,16.1,2.2,0.9,12.9,28.8,,3.1,2.8,5.8,.112,,2.5,-0.4,2.1,2.6
183,Jonathan Gibson\gibsojo01,PG,29,Dallas Mavericks,17,231,9.5,.492,.474,.305,0.5,11.2,5.6,18.8,1.8,0.0,16.3,26.4,,-0.3,0.2,-0.1,-0.029,,-3.3,-2.2,-5.4,-0.2
184,Taj Gibson\gibsota01,PF,31,TOT,73,1887,15.1,.545,.020,.224,8.7,18.1,13.3,6.2,1.1,2.6,12.2,19.1,,1.5,2.2,3.7,.093,,-2.3,0.3,-2.0,0.0
185,Taj Gibson\gibsota01,PF,31,Chicago Bulls,55,1502,15.5,.549,.023,.225,8.6,19.2,13.8,6.5,0.9,2.7,11.7,19.2,,1.4,1.7,3.1,.099,,-1.9,0.5,-1.4,0.2
186,Taj Gibson\gibsota01,PF,31,Oklahoma City Thunder,18,385,13.2,.532,.008,.220,9.0,13.8,11.4,5.2,1.5,2.3,14.2,18.6,,0.1,0.4,0.6,.070,,-3.6,-0.4,-4.0,-0.2
187,Manu Ginobili\ginobma01,SG,39,San Antonio Spurs,65,1230,14.4,.531,.518,.248,2.7,11.0,6.9,21.2,3.3,1.1,15.6,20.4,,0.8,2.3,3.0,.118,,0.8,1.5,2.3,1.3
188,Rudy Gobert\goberru01,C,24,Utah Jazz,76,2588,23.2,.679,.002,.775,13.9,29.5,21.9,5.8,1.0,6.4,15.3,16.6,,7.7,5.7,13.4,.249,,1.3,4.6,6.0,5.2
189,Archie Goodwin\goodwar01,SG,22,TOT,10,117,20.5,.686,.242,.788,2.8,7.2,5.0,19.6,0.4,2.6,10.1,18.2,,0.5,0.1,0.5,.212,,1.7,-2.4,-0.6,0.0
190,Archie Goodwin\goodwar01,SG,22,New Orleans Pelicans,3,30,19.7,.798,.400,2.000,0.0,0.0,0.0,4.5,0.0,2.7,0.0,13.9,,0.2,0.0,0.2,.295,,2.2,-3.7,-1.5,0.0
191,Archie Goodwin\goodwar01,SG,22,Brooklyn Nets,7,87,20.7,.656,.214,.571,3.7,9.6,6.7,24.8,0.5,2.6,12.5,19.7,,0.3,0.0,0.3,.183,,1.6,-1.9,-0.4,0.0
192,Aaron Gordon\gordoaa01,SF,21,Orlando Magic,75,2132,14.1,.523,.314,.253,5.3,13.9,9.5,10.7,1.4,1.4,8.4,20.0,,1.6,1.6,3.3,.074,,-0.3,-0.3,-0.7,0.7
193,Eric Gordon\gordoer01,SG,28,Houston Rockets,71,2204,13.5,.563,.649,.170,1.3,7.9,4.6,12.8,1.0,1.4,10.2,22.1,,2.6,1.4,4.0,.087,,1.3,-2.4,-1.1,0.5
194,Marcin Gortat\gortama01,C,32,Washington Wizards,77,2425,15.1,.587,.003,.237,10.6,27.2,18.9,6.5,0.8,2.1,14.1,14.7,,3.4,2.8,6.2,.123,,-1.2,1.3,0.1,1.3
195,Treveon Graham\grahatr01,SG,23,Charlotte Hornets,24,141,6.5,.546,.417,.500,2.3,10.1,6.2,4.9,0.7,0.6,6.4,10.0,,0.1,0.1,0.2,.070,,-3.3,-1.5,-4.7,-0.1
196,Jerami Grant\grantje01,SF,22,TOT,75,1439,10.1,.556,.351,.462,2.8,11.7,7.3,4.2,1.1,4.2,10.5,12.1,,1.0,1.7,2.7,.089,,-3.0,0.9,-2.1,0.0
197,Jerami Grant\grantje01,SF,22,Philadelphia 76ers,2,41,3.3,.390,.118,.471,0.0,18.7,9.4,0.0,0.0,7.7,12.8,24.9,,-0.2,0.1,-0.1,-0.139,,-13.9,-2.5,-16.4,-0.1
198,Jerami Grant\grantje01,SF,22,Oklahoma City Thunder,73,1398,10.3,.566,.365,.462,2.9,11.5,7.2,4.4,1.1,4.1,10.3,11.8,,1.2,1.6,2.8,.095,,-2.6,1.0,-1.7,0.1
199,Jerian Grant\grantje02,PG,24,Chicago Bulls,58,911,12.0,.543,.441,.259,2.0,9.2,5.5,15.3,2.2,0.6,11.7,15.9,,1.0,0.9,1.8,.097,,-0.5,-0.7,-1.2,0.2
200,Danny Green\greenda02,SG,29,San Antonio Spurs,66,1767,10.2,.542,.696,.073,1.9,11.7,6.9,9.4,2.0,2.6,14.2,13.5,,0.4,2.9,3.3,.090,,-0.2,2.6,2.5,2.0
201,Draymond Green\greendr01,PF,26,Golden State Warriors,73,2397,16.6,.520,.398,.331,4.8,21.2,13.5,27.9,3.0,3.4,19.8,16.2,,2.8,5.3,8.0,.161,,0.5,5.0,5.4,4.5
202,Gerald Green\greenge01,SG,31,Boston Celtics,44,502,11.9,.527,.472,.164,3.6,13.9,8.8,9.6,0.9,1.0,9.5,22.4,,0.1,0.4,0.6,.053,,-1.9,-2.6,-4.5,-0.3
203,JaMychal Green\greenja01,PF,26,Memphis Grizzlies,72,1994,13.8,.603,.284,.343,9.0,21.2,14.9,6.4,1.2,1.6,13.7,14.4,,3.2,2.5,5.7,.137,,-0.2,1.2,1.0,1.5
204,Jeff Green\greenje02,SF,30,Orlando Magic,69,1534,10.6,.505,.346,.301,2.7,12.7,7.5,8.0,1.2,0.7,10.6,20.3,,-0.2,1.0,0.8,.025,,-2.8,-1.7,-4.4,-0.9
205,Blake Griffin\griffbl01,PF,27,Los Angeles Clippers,57,1942,22.6,.567,.112,.436,6.3,20.2,13.4,24.9,1.4,0.9,11.1,28.2,,4.9,2.2,7.0,.174,,3.1,1.2,4.3,3.1
206,Justin Hamilton\hamilju01,C,26,Brooklyn Nets,59,1096,13.5,.555,.490,.140,6.5,17.1,11.8,7.0,1.1,2.8,9.7,15.7,,1.0,1.0,2.0,.087,,-0.9,0.2,-0.7,0.4
207,A.J. Hammons\hammoaj01,C,24,Dallas Mavericks,17,77,9.6,.455,.273,.455,7.2,23.9,15.2,4.1,0.0,7.0,10.2,18.1,,-0.1,0.1,0.0,.016,,-6.7,1.1,-5.6,-0.1
208,Tim Hardaway\hardati02,SG,24,Atlanta Hawks,75,2028,14.8,.564,.462,.234,1.8,9.1,5.5,13.7,1.3,0.7,9.7,22.6,,2.3,1.9,4.2,.100,,1.0,-1.6,-0.6,0.7
209,James Harden\hardeja01,PG,27,Houston Rockets,76,2775,27.3,.613,.483,.570,3.6,20.7,12.2,50.5,2.0,0.9,19.6,34.3,,10.8,3.4,14.2,.245,,8.6,1.5,10.0,8.4
210,Maurice Harkless\harklma01,SF,23,Portland Trailblazers,72,2073,13.1,.564,.318,.201,6.4,11.0,8.7,6.1,1.9,2.6,11.5,15.5,,2.1,1.7,3.8,.087,,-0.1,0.7,0.6,1.4
211,Justin Harper\harpeju01,PF,27,Philadelphia 76ers,3,31,5.0,.500,.583,.000,7.1,10.6,8.9,10.4,0.0,0.0,25.0,22.4,,-0.1,0.0,-0.1,-0.102,,-5.1,-3.7,-8.7,-0.1
212,Montrezl Harrell\harremo01,PF,23,Houston Rockets,55,990,19.5,.660,.018,.353,8.4,13.8,11.1,10.1,1.0,3.2,9.8,17.9,,2.9,1.0,3.9,.189,,1.0,0.2,1.2,0.8
213,Devin Harris\harride01,PG,33,Dallas Mavericks,59,995,13.1,.543,.503,.393,1.1,13.1,6.8,18.8,2.1,0.6,13.1,19.2,,0.8,1.1,1.8,.088,,-0.7,-0.2,-0.8,0.3
214,Gary Harris\harriga01,SG,22,Denver Nuggets,52,1603,16.3,.609,.401,.211,2.9,7.7,5.3,12.6,2.0,0.4,9.7,18.6,,3.4,0.6,4.0,.119,,3.0,-1.6,1.3,1.3
215,Joe Harris\harrijo01,SG,25,Brooklyn Nets,52,1138,9.0,.558,.610,.135,1.5,12.1,6.8,7.3,1.3,0.5,12.5,16.5,,0.1,0.6,0.8,.033,,-1.4,-1.4,-2.8,-0.2
216,Manny Harris\harrima01,SG,27,Dallas Mavericks,4,25,-2.1,.239,.133,.267,13.4,29.5,21.1,12.7,0.0,0.0,10.7,35.5,,-0.2,0.0,-0.2,-0.364,,-15.1,-3.7,-18.8,-0.1
217,Tobias Harris\harrito02,PF,24,Detroit Pistons,77,2424,16.9,.571,.291,.214,2.5,15.7,8.9,8.8,1.1,1.3,7.8,21.7,,3.8,2.7,6.4,.127,,0.9,0.0,0.9,1.8
218,Aaron Harrison\harriaa01,SG,22,Charlotte Hornets,5,17,-2.2,.102,.500,.500,0.0,19.4,9.7,22.5,0.0,0.0,0.0,12.9,,-0.1,0.0,-0.1,-0.142,,-9.5,-2.0,-11.5,0.0
219,Andrew Harrison\harrian01,SG,22,Memphis Grizzlies,68,1378,8.6,.478,.434,.537,1.7,8.8,5.1,20.1,1.9,1.2,16.2,16.4,,0.0,1.4,1.4,.050,,-2.5,-0.2,-2.6,-0.2
220,Udonis Haslem\hasleud01,C,36,Miami Heat,16,129,8.8,.542,.091,.682,6.8,23.3,15.0,6.4,2.0,0.6,21.9,12.6,,0.0,0.2,0.2,.075,,-4.6,1.3,-3.4,0.0
221,Spencer Hawes\hawessp01,PF,28,TOT,50,745,15.0,.547,.284,.167,5.5,20.5,13.0,16.5,1.0,3.5,14.3,19.5,,0.5,0.9,1.5,.094,,-1.6,1.1,-0.4,0.3
222,Spencer Hawes\hawessp01,PF,28,Charlotte Hornets,35,626,14.8,.545,.252,.156,5.6,20.0,12.8,16.1,1.0,3.6,14.7,19.6,,0.3,0.8,1.2,.089,,-1.8,1.4,-0.5,0.2
223,Spencer Hawes\hawessp01,PF,28,Milwaukee Bucks,15,119,16.3,.559,.462,.231,5.0,23.3,14.2,19.1,0.9,3.0,12.3,18.7,,0.2,0.1,0.3,.118,,-0.1,-0.3,-0.4,0.0
224,Gordon Hayward\haywago01,SF,26,Utah Jazz,69,2389,21.7,.589,.330,.377,2.4,15.6,9.2,18.2,1.5,0.6,9.5,27.5,,6.4,3.3,9.6,.193,,3.9,0.1,4.0,3.6
225,Gerald Henderson\hendege02,SG,29,Philadelphia 76ers,67,1560,11.3,.538,.312,.296,2.3,10.2,6.2,10.5,1.2,0.7,9.2,18.1,,1.1,1.1,2.2,.067,,-1.6,-1.2,-2.8,-0.3
226,John Henson\hensojo01,C,26,Milwaukee Bucks,56,1100,15.2,.547,.003,.354,9.8,21.0,15.5,7.6,1.4,6.2,13.2,16.6,,1.1,1.5,2.6,.113,,-2.5,2.5,0.0,0.6
227,Juan Hernangomez\hernaju01,PF,21,Denver Nuggets,57,760,14.4,.621,.481,.381,6.2,18.8,12.5,4.8,1.8,1.2,10.5,13.8,,1.4,0.5,1.9,.121,,0.5,-1.0,-0.5,0.3
228,Willy Hernangomez\hernawi01,C,22,New York Knicks,67,1194,18.8,.569,.034,.254,13.6,27.3,20.4,10.9,1.5,2.5,16.5,20.0,,1.6,1.5,3.0,.121,,-0.8,0.7,-0.1,0.6
229,Mario Hezonja\hezonma01,SF,21,Orlando Magic,60,845,6.3,.433,.435,.129,2.3,14.7,8.3,10.0,1.5,1.0,14.6,19.0,,-1.5,0.7,-0.9,-0.049,,-5.3,-1.0,-6.3,-0.9
230,Roy Hibbert\hibbero01,C,30,TOT,46,678,13.7,.614,.000,.510,8.7,16.2,12.4,4.7,0.6,5.8,14.7,14.0,,1.0,0.9,1.9,.135,,-2.8,1.9,-0.9,0.2
231,Roy Hibbert\hibbero01,C,30,Charlotte Hornets,42,671,13.5,.613,.000,.521,8.6,16.2,12.4,4.5,0.6,5.7,14.9,13.9,,1.0,0.9,1.9,.133,,-2.9,1.9,-1.0,0.2
232,Roy Hibbert\hibbero01,C,30,Denver Nuggets,4,7,30.0,.667,.000,.000,15.9,15.8,15.9,25.2,0.0,11.1,0.0,18.2,,0.0,0.0,0.0,.337,,7.0,3.6,10.6,0.0
233,Buddy Hield\hieldbu01,SG,23,TOT,77,1725,11.7,.540,.504,.096,1.9,13.7,7.8,10.1,1.0,0.4,11.1,20.9,,0.0,1.3,1.3,.035,,-1.0,-1.7,-2.8,-0.3
234,Buddy Hield\hieldbu01,SG,23,New Orleans Pelicans,57,1161,9.9,.502,.511,.070,1.7,13.4,7.5,10.4,0.8,0.5,9.0,20.4,,-0.4,1.0,0.5,.022,,-1.9,-1.6,-3.5,-0.4
235,Buddy Hield\hieldbu01,SG,23,Sacramento Kings,20,564,15.3,.620,.488,.152,2.3,14.3,8.3,9.7,1.6,0.3,15.4,22.0,,0.4,0.3,0.7,.062,,0.8,-2.0,-1.2,0.1
236,Nene Hilario\hilarne01,C,34,Houston Rockets,64,1144,18.7,.629,.024,.504,8.7,17.1,12.9,8.4,2.3,2.8,13.4,19.6,,2.4,1.6,3.9,.166,,-0.4,1.1,0.7,0.8
237,George Hill\hillge01,PG,30,Utah Jazz,47,1504,18.6,.591,.380,.322,1.7,10.6,6.3,22.1,1.6,0.6,11.2,23.6,,3.5,1.9,5.4,.171,,3.3,-0.2,3.1,1.9
238,Jordan Hill\hilljo01,C,29,Minnesotta Timberwolves,6,41,5.6,.421,.000,.182,19.6,17.4,18.5,0.0,1.2,0.0,20.2,16.1,,0.0,0.0,0.0,-0.012,,-6.6,-6.1,-12.7,-0.1
239,Solomon Hill\hillso01,SF,25,New Orleans Pelicans,75,2208,8.1,.533,.573,.268,2.2,11.4,6.8,8.5,1.4,1.1,13.8,11.4,,0.5,2.2,2.7,.059,,-1.8,1.5,-0.3,0.9
240,Darrun Hilliard\hillida01,SG,23,Detroit Pistons,35,322,4.1,.410,.365,.231,0.7,9.5,4.9,12.1,1.3,0.3,14.9,18.5,,-0.6,0.3,-0.3,-0.051,,-5.9,-1.3,-7.2,-0.4
241,Jrue Holiday\holidjr01,PG,26,New Orleans Pelicans,62,2049,17.2,.534,.313,.194,2.2,10.3,6.3,35.4,2.3,1.6,16.6,23.6,,1.2,2.6,3.8,.089,,1.2,0.7,1.9,2.0
242,Justin Holiday\holidju01,SG,27,New York Knicks,77,1497,12.0,.544,.510,.151,1.7,13.0,7.3,8.9,2.0,1.6,10.8,16.7,,0.9,1.1,2.0,.065,,-0.7,-0.7,-1.4,0.2
243,Rondae Hollis-Jefferson\holliro01,SF,22,Brooklyn Nets,73,1618,13.5,.516,.127,.467,5.9,21.0,13.6,13.4,2.1,1.9,15.3,18.7,,0.3,2.0,2.3,.068,,-2.9,1.8,-1.1,0.4
244,Richaun Holmes\holmeri01,C,23,Philadelphia 76ers,52,1034,18.7,.613,.172,.263,8.9,19.9,14.4,8.3,1.7,3.8,10.6,18.5,,1.9,1.4,3.4,.156,,0.2,1.7,1.8,1.0
245,Rodney Hood\hoodro01,SG,24,Utah Jazz,56,1527,12.7,.530,.460,.171,1.1,12.9,7.1,10.1,1.3,0.5,8.3,22.7,,0.9,1.9,2.7,.086,,-0.1,-0.9,-1.0,0.4
246,Al Horford\horfoal01,C,30,Boston Celtics,63,2051,17.9,.555,.307,.166,5.0,18.5,11.8,24.7,1.2,3.4,12.1,19.7,,3.5,2.5,6.0,.140,,1.2,2.2,3.3,2.8
247,Danuel House\houseda01,SG,23,Washington Wizards,1,1,12.2,,,,0.0,100.0,56.3,0.0,0.0,0.0,,0.0,,0.0,0.0,0.0,.162,,-16.5,-4.4,-20.8,0.0
248,Dwight Howard\howardw01,C,31,Atlanta Hawks,71,2129,20.8,.622,.003,.690,15.2,31.8,23.6,7.7,1.5,3.6,17.5,19.0,,3.6,4.3,8.0,.180,,-0.5,2.9,2.3,2.3
249,Marcelo Huertas\huertma01,PG,33,Los Angeles Lakers,23,237,9.1,.417,.279,.250,0.9,10.5,5.5,30.9,2.1,0.7,20.1,17.0,,-0.2,0.1,-0.1,-0.028,,-4.6,-2.6,-7.1,-0.3
250,Josh Huestis\huestjo01,PF,25,Oklahoma City Thunder,1,7,61.7,.875,.500,.000,31.8,31.7,31.7,36.6,0.0,11.4,0.0,24.3,,0.1,0.0,0.1,.650,,25.1,6.1,31.2,0.1
251,Kris Humphries\humphkr01,PF,31,Atlanta Hawks,53,625,13.5,.524,.241,.398,9.4,23.1,16.3,6.1,0.9,2.6,10.4,17.5,,0.6,0.9,1.5,.116,,-3.1,0.0,-3.1,-0.2
252,R.J. Hunter\hunterj01,SG,23,Chicago Bulls,3,9,-3.2,.000,1.000,.000,0.0,12.2,6.0,0.0,0.0,0.0,0.0,4.9,,0.0,0.0,0.0,-0.094,,-9.4,-2.3,-11.7,0.0
253,Serge Ibaka\ibakase01,PF,27,TOT,75,2302,17.0,.571,.315,.126,5.9,18.7,12.1,5.4,0.9,4.3,9.1,21.0,,2.7,2.5,5.2,.109,,-0.2,0.3,0.1,1.2
254,Serge Ibaka\ibakase01,PF,27,Orlando Magic,56,1710,17.5,.569,.304,.129,6.2,18.5,12.2,5.8,1.0,4.3,8.2,20.8,,2.1,1.8,4.0,.111,,-0.1,0.5,0.4,1.1
255,Serge Ibaka\ibakase01,PF,27,Toronto Raptors,19,592,15.5,.577,.345,.118,5.0,19.1,12.0,4.1,0.6,4.4,12.0,21.4,,0.6,0.7,1.3,.104,,-0.7,-0.2,-0.9,0.2
256,Andre Iguodala\iguodan01,SF,33,Golden State Warriors,73,1930,14.2,.619,.432,.247,3.0,13.0,8.3,16.7,1.9,1.5,11.1,11.0,,3.9,2.8,6.7,.166,,1.3,1.8,3.0,2.5
257,Ersan Ilyasova\ilyaser01,PF,29,TOT,77,2035,14.7,.551,.454,.234,5.7,18.6,12.2,10.8,1.3,0.9,10.5,22.1,,1.8,2.2,4.0,.094,,0.3,-0.7,-0.4,0.8
258,Ersan Ilyasova\ilyaser01,PF,29,Oklahoma City Thunder,3,62,6.8,.469,.750,.000,3.6,25.0,14.3,2.2,2.4,1.3,20.0,13.7,,-0.1,0.1,0.0,.011,,-5.8,-0.5,-6.3,-0.1
259,Ersan Ilyasova\ilyaser01,PF,29,Philadelphia 76ers,53,1447,15.4,.553,.460,.219,5.4,18.4,11.9,11.5,1.1,0.8,9.9,23.6,,1.4,1.3,2.7,.089,,0.9,-1.2,-0.3,0.6
260,Ersan Ilyasova\ilyaser01,PF,29,Atlanta Hawks,21,526,13.7,.551,.406,.309,6.6,18.3,12.5,9.8,1.8,1.1,12.0,18.7,,0.5,0.8,1.3,.117,,-0.6,0.6,0.0,0.3
261,Joe Ingles\inglejo01,SF,29,Utah Jazz,77,1814,12.9,.611,.621,.158,1.3,13.5,7.6,17.0,2.6,0.3,17.1,13.9,,2.2,2.9,5.0,.133,,1.1,1.8,2.9,2.2
262,Brandon Ingram\ingrabr01,SF,19,Los Angeles Lakers,74,2157,8.2,.478,.291,.315,2.5,13.1,7.6,10.0,0.9,1.3,13.1,16.2,,-0.8,0.4,-0.4,-0.010,,-3.2,-1.0,-4.1,-1.2
263,Kyrie Irving\irvinky01,PG,24,Cleveland Cavaliers,68,2384,22.7,.577,.310,.234,2.4,7.6,5.1,29.2,1.7,0.8,10.6,30.9,,6.7,1.4,8.1,.163,,4.5,-2.2,2.4,2.6
264,Jarrett Jack\jackja01,PG,33,New Orleans Pelicans,2,33,8.2,.773,.333,.667,0.0,0.0,0.0,20.5,3.0,0.0,43.6,9.2,,0.0,0.0,0.0,.063,,-5.3,-4.0,-9.3,-0.1
265,Demetrius Jackson\jacksde01,PG,22,Boston Celtics,5,17,30.9,.753,.250,1.500,13.3,13.0,13.2,28.3,0.0,0.0,0.0,17.4,,0.1,0.0,0.1,.388,,9.3,-2.8,6.5,0.0
266,Pierre Jackson\jackspi01,PG,25,Dallas Mavericks,8,84,13.1,.416,.282,.179,1.3,11.7,6.3,38.0,1.2,0.0,6.7,25.4,,0.0,0.1,0.0,.023,,-1.6,-2.7,-4.3,0.0
267,Reggie Jackson\jacksre01,PG,26,Detroit Pistons,52,1424,14.9,.510,.272,.201,1.6,7.3,4.3,30.5,1.2,0.3,13.4,26.5,,0.7,1.2,1.9,.065,,0.6,-2.2,-1.6,0.2
268,LeBron James\jamesle01,SF,32,Cleveland Cavaliers,70,2631,26.9,.617,.259,.395,3.9,20.6,12.5,41.4,1.6,1.2,16.1,30.1,,9.2,2.8,12.0,.219,,6.7,1.5,8.2,6.8
269,Al Jefferson\jeffeal01,C,32,Indiana Pacers,66,931,18.9,.526,.002,.180,9.1,24.1,16.7,11.1,1.0,1.5,6.1,26.1,,1.2,1.0,2.2,.116,,-1.6,-1.6,-3.1,-0.3
270,Richard Jefferson\jefferi01,SF,36,Cleveland Cavaliers,73,1508,8.3,.575,.540,.304,2.0,11.4,6.8,6.7,0.7,0.5,11.5,12.3,,1.3,0.7,2.0,.063,,-1.3,-1.2,-2.4,-0.2
271,John Jenkins\jenkijo01,SG,25,Phoenix Suns,4,13,17.4,.595,.400,.400,0.0,8.6,4.2,11.5,0.0,0.0,0.0,19.0,,0.0,0.0,0.0,.167,,1.4,-5.5,-4.1,0.0
272,Brandon Jennings\jennibr01,PG,27,TOT,76,1697,12.4,.491,.474,.296,1.8,10.1,5.9,30.7,1.9,0.2,17.9,17.8,,0.9,0.9,1.8,.051,,-0.6,-2.2,-2.8,-0.3
273,Brandon Jennings\jennibr01,PG,27,New York Knicks,58,1428,12.6,.508,.466,.315,1.6,9.8,5.7,28.6,1.9,0.3,18.0,18.1,,0.8,0.7,1.5,.050,,-0.4,-2.1,-2.5,-0.2
274,Brandon Jennings\jennibr01,PG,27,Washington Wizards,18,269,11.5,.395,.519,.195,2.9,11.7,7.3,41.6,1.6,0.0,17.7,16.5,,0.1,0.2,0.3,.053,,-1.7,-2.6,-4.3,-0.2
275,Jonas Jerebko\jerebjo01,PF,29,Boston Celtics,73,1178,9.1,.539,.490,.124,5.3,18.8,12.1,7.3,1.1,1.2,12.6,11.3,,0.7,1.3,1.9,.079,,-2.5,0.4,-2.1,0.0
276,Amir Johnson\johnsam01,PF,29,Boston Celtics,76,1537,14.9,.625,.176,.270,8.3,16.9,12.7,12.8,1.6,3.3,16.0,13.6,,2.7,2.0,4.7,.147,,-0.3,2.5,2.2,1.6
277,Brice Johnson\johnsbr02,PF,22,Los Angeles Clippers,2,7,14.3,.250,.000,.000,16.4,31.1,23.9,21.2,7.1,11.6,20.0,31.9,,-0.1,0.0,0.0,-0.159,,-11.3,12.2,1.0,0.0
278,James Johnson\johnsja01,PF,29,Miami Heat,71,1905,16.8,.562,.330,.287,3.5,16.3,9.8,20.5,1.9,3.4,16.6,21.9,,1.6,2.9,4.5,.114,,0.4,2.3,2.7,2.3
279,Joe Johnson\johnsjo02,SF,35,Utah Jazz,73,1717,12.1,.530,.405,.124,2.3,13.0,7.8,12.5,1.0,0.8,9.6,18.2,,1.3,2.0,3.3,.091,,-0.6,0.0,-0.6,0.6
280,Stanley Johnson\johnsst04,SF,20,Detroit Pistons,72,1240,7.5,.441,.416,.155,3.0,13.0,7.8,10.3,2.2,1.5,15.6,14.9,,-1.3,1.7,0.4,.016,,-3.8,1.8,-2.0,0.0
281,Tyler Johnson\johnsty01,PG,24,Miami Heat,68,2034,16.0,.532,.296,.298,2.6,12.4,7.4,16.8,2.0,1.6,8.6,21.0,,2.8,2.6,5.4,.127,,0.7,0.8,1.5,1.8
282,Wesley Johnson\johnswe01,SF,29,Los Angeles Clippers,65,776,8.7,.456,.583,.089,3.7,21.0,12.6,3.9,1.9,2.9,7.9,12.5,,-0.2,1.1,0.9,.054,,-3.2,1.5,-1.7,0.1
283,Nikola Jokic\jokicni01,C,21,Denver Nuggets,67,1850,26.4,.642,.158,.262,11.9,26.7,19.3,28.8,1.4,2.0,15.1,23.3,,7.2,1.5,8.7,.227,,6.3,1.9,8.2,4.8
284,Damian Jones\jonesda03,C,21,Golden State Warriors,9,66,4.8,.454,.000,.615,16.0,11.0,13.3,0.0,0.7,2.4,23.2,14.1,,-0.1,0.1,0.0,.013,,-6.6,-3.0,-9.6,-0.1
285,Derrick Jones\jonesde02,SF,19,Phoenix Suns,28,442,10.7,.612,.056,.292,6.7,8.9,7.8,2.6,1.0,2.2,9.1,10.5,,0.7,0.1,0.8,.088,,-1.3,-0.4,-1.7,0.0
286,James Jones\jonesja02,SF,36,Cleveland Cavaliers,45,339,12.5,.734,.720,.227,0.7,9.1,5.0,5.0,1.0,2.1,9.8,12.0,,0.7,0.2,0.9,.129,,0.9,-1.4,-0.4,0.1
287,Terrence Jones\joneste01,PF,25,TOT,54,1270,16.2,.516,.153,.346,5.4,20.0,12.7,7.4,1.5,3.5,7.8,21.4,,0.4,1.9,2.4,.090,,-2.7,1.4,-1.3,0.2
288,Terrence Jones\joneste01,PF,25,New Orleans Pelicans,51,1264,16.2,.519,.154,.348,5.4,19.9,12.6,7.4,1.5,3.4,7.9,21.4,,0.5,1.9,2.4,.092,,-2.6,1.4,-1.2,0.2
289,Terrence Jones\joneste01,PF,25,Milwaukee Bucks,3,6,1.5,.000,.000,.000,0.0,57.7,29.2,0.0,8.5,14.7,0.0,22.8,,-0.1,0.0,0.0,-0.312,,-26.6,6.6,-20.1,0.0
290,Tyus Jones\jonesty01,PG,20,Minnesotta Timberwolves,53,674,13.7,.518,.424,.253,1.5,8.3,4.9,28.1,3.1,0.5,15.8,13.7,,0.8,0.5,1.4,.097,,-0.4,-1.5,-1.9,0.0
291,DeAndre Jordan\jordade01,C,28,Los Angeles Clippers,77,2441,21.5,.673,.004,.742,13.1,34.4,24.0,5.5,1.0,4.4,13.5,15.3,,6.6,4.3,10.9,.215,,0.8,2.9,3.8,3.6
292,Cory Joseph\josepco01,SG,25,Toronto Raptors,75,1887,13.2,.518,.199,.192,2.9,10.4,6.6,20.3,1.6,0.5,13.0,18.2,,1.7,1.5,3.3,.083,,-0.3,-0.6,-1.0,0.5
293,Frank Kaminsky\kaminfr01,C,23,Charlotte Hornets,70,1833,13.5,.509,.444,.195,3.4,16.0,9.7,12.7,1.3,1.7,8.1,21.8,,0.6,2.0,2.6,.067,,-0.6,-0.5,-1.1,0.4
294,Enes Kanter\kanteen01,C,24,Oklahoma City Thunder,66,1422,23.8,.604,.053,.383,13.7,21.2,17.5,8.1,1.0,2.1,12.5,26.9,,3.8,1.7,5.5,.186,,0.7,-1.7,-1.0,0.4
295,Ryan Kelly\kellyry01,PF,25,Atlanta Hawks,14,69,6.7,.388,.400,.267,0.0,18.8,9.5,10.0,2.9,2.5,15.2,12.5,,-0.1,0.1,0.0,.020,,-6.8,2.8,-4.0,0.0
296,Michael Kidd-Gilchrist\kiddgmi01,SF,23,Charlotte Hornets,76,2219,14.2,.528,.016,.312,7.2,19.4,13.3,7.4,1.7,2.8,7.4,14.4,,2.6,3.1,5.6,.122,,-2.0,2.3,0.3,1.3
297,Sean Kilpatrick\kilpase01,SG,27,Brooklyn Nets,69,1742,12.9,.542,.416,.329,1.4,15.3,8.4,14.4,1.2,0.3,13.9,23.9,,0.2,1.1,1.3,.036,,-1.3,-1.7,-3.0,-0.5
298,Brandon Knight\knighbr03,SG,25,Phoenix Suns,54,1140,12.3,.502,.265,.293,2.3,9.1,5.6,17.9,1.1,0.4,13.1,25.1,,0.1,0.2,0.3,.014,,-1.5,-3.0,-4.5,-0.7
299,Kyle Korver\korveky01,SG,35,TOT,61,1628,11.9,.630,.691,.078,0.5,10.6,5.7,9.7,1.0,1.0,11.8,15.1,,2.0,1.3,3.3,.096,,0.6,-1.0,-0.4,0.7
300,Kyle Korver\korveky01,SG,35,Atlanta Hawks,32,894,10.9,.594,.649,.110,0.1,10.8,5.5,12.7,1.2,1.2,13.5,14.5,,0.7,0.9,1.6,.088,,-0.5,-0.1,-0.6,0.3
301,Kyle Korver\korveky01,SG,35,Cleveland Cavaliers,29,734,13.1,.669,.736,.043,0.9,10.5,5.8,6.1,0.7,0.8,9.9,15.8,,1.3,0.3,1.6,.106,,2.0,-2.1,-0.1,0.3
302,Kosta Koufos\koufoko01,C,27,Sacramento Kings,71,1419,13.8,.560,.003,.158,9.7,23.1,16.4,5.3,1.3,3.1,12.7,15.3,,1.2,1.4,2.6,.089,,-2.6,0.7,-1.9,0.0
303,Minnesotta Timberwolvesdaugas Kuzminskas\kuzmimi01,SF,27,New York Knicks,63,918,12.2,.531,.467,.198,4.9,8.8,6.8,10.6,1.5,1.0,11.4,18.7,,0.7,0.4,1.1,.058,,-0.3,-2.3,-2.5,-0.1
304,Skal Labissiere\labissk01,PF,20,Sacramento Kings,28,455,16.1,.554,.029,.304,11.0,23.5,17.3,7.6,1.2,2.0,14.5,22.6,,0.3,0.4,0.7,.070,,-2.8,-1.1,-3.9,-0.2
305,Jeremy Lamb\lambje01,SG,24,Charlotte Hornets,57,1030,16.6,.547,.301,.256,2.5,23.0,12.8,11.6,1.1,1.7,6.8,23.0,,1.2,1.3,2.4,.113,,-1.0,-0.8,-1.8,0.0
306,Nicolas Laprovittola\laproni01,PG,27,San Antonio Spurs,18,174,8.4,.579,.574,.191,0.7,5.7,3.3,22.9,1.2,0.5,27.2,18.2,,0.0,0.2,0.2,.044,,-2.5,-2.4,-4.9,-0.1
307,Joffrey Lauvergne\lauvejo01,C,25,TOT,65,935,12.3,.508,.301,.225,7.9,19.8,13.8,10.4,1.2,0.5,12.8,18.2,,0.4,1.0,1.4,.072,,-2.3,-1.2,-3.5,-0.4
308,Joffrey Lauvergne\lauvejo01,C,25,Oklahoma City Thunder,50,739,12.8,.531,.320,.238,7.7,19.8,13.8,10.3,1.1,0.6,12.9,17.8,,0.6,0.8,1.4,.089,,-1.9,-1.2,-3.1,-0.2
309,Joffrey Lauvergne\lauvejo01,C,25,Chicago Bulls,15,196,10.1,.431,.236,.181,8.8,19.6,14.1,10.8,1.3,0.0,12.4,19.8,,-0.2,0.2,0.0,.007,,-3.9,-1.1,-5.0,-0.1
310,Zach LaVine\lavinza01,SG,21,Minnesotta Timberwolves,47,1749,14.6,.576,.437,.197,1.2,9.6,5.3,12.7,1.2,0.5,9.9,21.7,,2.6,0.5,3.1,.085,,2.1,-2.3,-0.2,0.8
311,Ty Lawson\lawsoty01,PG,29,Sacramento Kings,67,1673,14.7,.543,.232,.402,3.0,8.5,5.8,29.0,2.2,0.3,17.4,19.3,,1.8,0.9,2.7,.077,,-0.1,-1.6,-1.7,0.1
312,Jake Layman\laymaja01,SF,22,Portland Trailblazers,31,177,6.2,.433,.651,.270,1.3,8.2,4.7,5.6,2.0,0.9,7.8,19.0,,-0.2,0.1,-0.1,-0.022,,-3.7,-3.0,-6.7,-0.2
313,Courtney Lee\leeco01,SG,31,New York Knicks,72,2316,11.9,.559,.385,.140,2.2,9.1,5.7,10.5,1.6,0.8,8.5,14.1,,2.8,1.0,3.8,.080,,0.5,-0.6,-0.1,1.1
314,David Lee\leeda02,PF,33,San Antonio Spurs,73,1350,18.9,.629,.000,.269,11.6,22.6,17.2,12.6,1.1,2.2,15.1,16.9,,3.1,2.3,5.4,.193,,0.9,2.4,3.3,1.8
315,Alex Len\lenal01,C,23,Phoenix Suns,73,1482,14.9,.556,.028,.452,10.4,25.3,17.7,4.1,1.1,5.1,15.9,17.5,,1.1,1.6,2.8,.090,,-3.2,1.2,-2.0,0.0
316,Kawhi Leonard\leonaka01,SF,25,San Antonio Spurs,69,2335,27.6,.610,.294,.418,3.9,15.5,9.9,18.8,2.7,1.8,9.0,31.1,,8.5,4.4,12.9,.266,,6.4,1.5,7.9,5.8
317,Meyers Leonard\leoname01,PF,24,Portland Trailblazers,68,1071,9.1,.508,.562,.118,2.6,19.0,10.8,8.9,0.5,2.0,8.7,16.0,,0.4,0.7,1.1,.051,,-2.1,-1.3,-3.4,-0.4
318,Jon Leuer\leuerjo01,PF,27,Detroit Pistons,71,1885,14.4,.556,.260,.171,5.5,17.6,11.3,8.8,0.8,1.2,8.7,17.4,,2.6,2.0,4.5,.116,,-0.2,0.5,0.3,1.1
319,Caris LeVert\leverca01,SF,22,Brooklyn Nets,52,1113,11.8,.550,.486,.254,2.3,13.5,8.0,13.3,2.0,0.4,12.5,16.0,,0.7,0.9,1.6,.068,,-0.8,-0.2,-1.0,0.3
320,DeAndre Liggins\liggide01,SG,28,Cleveland Cavaliers,58,742,7.5,.476,.338,.278,2.6,11.9,7.4,9.6,3.0,1.5,21.1,11.4,,-0.4,0.9,0.5,.030,,-3.8,2.0,-1.9,0.0
321,Damian Lillard\lillada01,PG,26,Portland Trailblazers,71,2542,23.9,.589,.386,.365,2.0,13.1,7.6,28.7,1.2,0.6,10.7,31.3,,8.3,1.3,9.6,.182,,6.2,-2.2,4.0,3.8
322,Jeremy Lin\linje01,PG,28,Brooklyn Nets,32,766,18.0,.551,.392,.326,1.0,13.7,7.4,36.1,2.1,1.3,16.1,26.4,,0.8,0.7,1.5,.094,,1.7,-0.7,0.9,0.6
323,Shaun Livingston\livinsh01,PG,31,Golden State Warriors,71,1240,9.9,.566,.007,.190,2.5,9.5,6.2,13.0,1.4,1.2,15.4,13.1,,0.9,1.4,2.3,.090,,-2.6,0.4,-2.2,-0.1
324,Shawn Long\longsh01,PF,24,Philadelphia 76ers,14,181,25.4,.669,.178,.425,14.6,20.6,17.6,10.5,2.2,3.9,11.3,23.4,,0.6,0.3,0.9,.229,,3.8,1.2,4.9,0.3
325,Kevon Looney\looneke01,C,20,Golden State Warriors,52,443,13.4,.554,.086,.324,11.1,18.5,15.0,8.5,1.5,3.0,11.8,13.2,,0.7,0.8,1.4,.155,,-1.4,1.7,0.3,0.3
326,Brook Lopez\lopezbr01,C,28,Brooklyn Nets,71,2102,20.8,.579,.329,.312,5.8,13.4,9.6,15.2,0.9,4.3,12.1,29.5,,3.1,1.8,4.8,.110,,2.1,-0.2,1.9,2.1
327,Robin Lopez\lopezro01,C,28,Chicago Bulls,76,2127,14.5,.509,.003,.129,11.7,13.1,12.4,5.7,0.4,4.1,9.5,17.3,,1.8,2.0,3.8,.086,,-1.8,0.9,-0.9,0.6
328,Kevin Love\loveke01,PF,28,Cleveland Cavaliers,55,1711,21.6,.579,.451,.348,8.9,29.0,19.3,9.8,1.5,0.9,11.2,26.5,,3.8,2.2,6.0,.167,,1.9,-0.9,1.0,1.3
329,Kyle Lowry\lowryky01,PG,30,Toronto Raptors,56,2111,23.0,.624,.510,.395,2.5,11.7,7.1,29.4,1.9,0.7,13.4,24.9,,7.6,2.0,9.6,.219,,7.3,-0.7,6.6,4.6
330,John Lucas III\lucasjo02,PG,34,Minnesotta Timberwolves,5,11,9.2,.250,.250,.000,0.0,0.0,0.0,12.6,9.2,0.0,0.0,16.1,,0.0,0.0,0.0,-0.029,,-6.1,0.5,-5.5,0.0
331,Timothe Luwawu-Cabarrot\luwawti01,SF,21,Philadelphia 76ers,64,1024,7.1,.522,.433,.342,2.5,11.7,7.1,9.0,1.0,0.8,16.1,17.3,,-0.4,0.7,0.4,.017,,-3.6,-1.2,-4.8,-0.7
332,Trey Lyles\lylestr01,PF,21,Utah Jazz,68,1141,10.0,.466,.467,.173,4.8,18.1,11.6,9.8,1.2,1.4,11.9,21.6,,-0.8,1.7,0.8,.034,,-2.9,0.0,-2.9,-0.3
333,Shelvin Mack\macksh01,PG,26,Utah Jazz,50,1066,10.8,.519,.315,.196,1.8,10.1,6.1,20.3,1.9,0.2,18.3,19.6,,-0.2,1.4,1.2,.053,,-1.9,0.0,-1.9,0.0
334,Ian Mahinmi\mahinia01,C,30,Washington Wizards,27,473,14.0,.597,.000,.691,9.8,19.5,14.6,4.6,3.0,3.2,19.2,14.4,,0.4,0.8,1.2,.119,,-2.1,2.6,0.5,0.3
335,Thon Maker\makerth01,PF,19,Milwaukee Bucks,52,466,14.7,.576,.439,.255,7.4,13.9,10.7,5.9,1.0,4.0,6.4,18.2,,0.8,0.4,1.2,.123,,0.2,-1.4,-1.2,0.1
336,Boban Marjanovic\marjabo01,C,28,Detroit Pistons,31,202,28.6,.594,.000,.511,16.2,32.5,24.1,5.8,0.8,3.7,6.1,25.2,,0.8,0.3,1.1,.269,,0.4,-0.9,-0.5,0.1
337,Jarell Martin\martija01,PF,22,Memphis Grizzlies,40,538,7.8,.472,.175,.336,7.6,25.6,16.3,2.0,1.4,1.4,14.1,16.1,,-0.3,0.8,0.5,.046,,-6.2,-0.8,-7.0,-0.7
338,Wesley Matthews\matthwe02,SG,30,Dallas Mavericks,70,2423,12.0,.533,.567,.217,0.8,11.8,6.0,13.2,1.7,0.6,9.9,19.5,,1.0,2.1,3.1,.062,,0.3,0.1,0.3,1.4
339,Luc Mbah a Moute\mbahalu01,PF,30,Los Angeles Clippers,76,1659,10.1,.580,.292,.225,3.1,8.0,5.6,2.9,2.3,1.7,10.6,11.5,,1.1,1.7,2.8,.081,,-1.0,1.5,0.5,1.1
340,James Michael McAdoo\mcadoja01,PF,24,Golden State Warriors,47,390,12.8,.564,.032,.379,8.1,12.7,10.6,5.4,1.6,5.3,14.0,14.3,,0.3,0.7,0.9,.114,,-2.9,2.4,-0.6,0.1
341,Patrick McCaw\mccawpa01,SG,21,Golden State Warriors,66,963,8.5,.540,.514,.154,2.4,7.6,5.2,9.1,1.3,1.2,11.9,11.6,,0.5,1.0,1.6,.078,,-1.6,-0.2,-1.8,0.0
342,Sheldon McClellan\mcclesh01,SG,24,Washington Wizards,29,252,9.6,.492,.406,.328,1.8,11.6,6.7,7.8,1.6,0.7,3.9,13.2,,0.2,0.2,0.4,.074,,-2.3,-1.0,-3.3,-0.1
343,C.J. McCollum\mccolcj01,SG,25,Portland Trailblazers,76,2656,20.3,.593,.312,.207,2.3,9.2,5.7,17.9,1.3,1.2,10.0,27.4,,6.3,1.3,7.6,.137,,3.5,-2.3,1.2,2.1
344,T.J. McConnell\mccontj01,PG,24,Philadelphia 76ers,76,1976,13.7,.506,.105,.169,2.0,10.9,6.5,37.3,3.0,0.4,22.2,14.1,,1.4,2.2,3.7,.089,,-2.0,0.1,-1.9,0.1
345,Chris McCullough\mcculch01,PF,21,TOT,15,74,16.7,.542,.194,.161,13.1,11.3,12.2,4.8,0.6,2.0,5.7,20.4,,0.1,0.0,0.2,.100,,-0.9,-3.0,-3.9,0.0
346,Chris McCullough\mcculch01,PF,21,Brooklyn Nets,14,72,16.8,.541,.194,.097,13.4,11.6,12.5,4.9,0.7,2.1,5.8,20.4,,0.1,0.0,0.1,.099,,-0.8,-2.9,-3.7,0.0
347,Chris McCullough\mcculch01,PF,21,Washington Wizards,1,2,12.3,.568,,,0.0,0.0,0.0,0.0,0.0,0.0,0.0,19.2,,0.0,0.0,0.0,.116,,-3.6,-6.1,-9.7,0.0
348,K.J. McDaniels\mcdankj01,SF,23,TOT,45,427,11.5,.562,.381,.201,3.5,13.3,8.4,4.0,2.0,2.4,13.2,17.4,,0.1,0.5,0.6,.063,,-3.1,-0.6,-3.6,-0.2
349,K.J. McDaniels\mcdankj01,SF,23,Houston Rockets,29,212,10.3,.552,.397,.147,3.1,12.4,7.8,2.7,1.6,3.1,12.1,16.5,,0.0,0.2,0.3,.061,,-3.7,-0.9,-4.5,-0.1
350,K.J. McDaniels\mcdankj01,SF,23,Brooklyn Nets,16,215,12.8,.570,.366,.254,4.0,14.1,9.1,5.2,2.4,1.8,14.1,18.3,,0.1,0.2,0.3,.065,,-2.5,-0.3,-2.8,0.0
351,Doug McDermott\mcderdo01,SF,25,TOT,63,1413,10.9,.555,.407,.163,1.4,11.5,6.4,6.1,0.5,0.2,6.8,16.7,,1.5,0.8,2.3,.079,,-1.2,-2.4,-3.6,-0.6
352,Doug McDermott\mcderdo01,SF,25,Chicago Bulls,44,1078,11.3,.555,.399,.180,1.4,11.8,6.5,6.5,0.5,0.3,7.4,17.6,,1.1,0.6,1.8,.078,,-0.9,-2.2,-3.1,-0.3
353,Doug McDermott\mcderdo01,SF,25,Oklahoma City Thunder,19,335,9.3,.556,.434,.101,1.3,10.6,6.0,4.8,0.3,0.0,4.6,13.8,,0.4,0.2,0.6,.081,,-2.1,-3.1,-5.2,-0.3
354,JaVale McGee\mcgeeja01,C,29,Golden State Warriors,72,667,24.4,.628,.014,.340,15.8,20.3,18.2,3.9,1.2,7.3,10.0,24.0,,1.6,1.3,3.0,.213,,-0.3,0.6,0.3,0.4
355,Rodney McGruder\mcgruro01,SG,25,Miami Heat,73,1844,9.6,.515,.483,.158,5.3,9.3,7.3,8.7,1.2,0.7,9.3,12.2,,1.5,1.6,3.1,.081,,-0.5,0.4,-0.1,0.9
356,Ben McLemore\mclembe01,SG,23,Sacramento Kings,56,1041,8.9,.526,.408,.200,2.0,9.5,5.8,7.2,1.2,0.5,12.7,19.8,,-0.4,0.4,0.0,-0.001,,-2.5,-2.7,-5.3,-0.9
357,Jordan McRae\mcraejo01,SG,25,Cleveland Cavaliers,37,384,9.7,.488,.340,.227,1.8,9.4,5.7,7.3,1.0,1.3,7.8,20.7,,0.0,0.2,0.2,.020,,-3.7,-2.8,-6.5,-0.4
358,Josh McRoberts\mcrobjo01,PF,29,Miami Heat,22,381,9.8,.439,.263,.076,6.6,14.9,10.7,18.9,1.3,0.8,15.9,16.9,,-0.1,0.4,0.3,.036,,-2.9,0.5,-2.4,0.0
359,Jodie Meeks\meeksjo01,SG,29,Orlando Magic,31,640,13.4,.566,.518,.271,0.7,10.9,5.6,9.3,2.5,0.5,10.3,18.7,,0.5,0.6,1.1,.082,,-0.3,-0.9,-1.3,0.1
360,Salah Mejri\mejrisa01,C,30,Dallas Mavericks,68,849,14.3,.646,.017,.445,11.7,29.4,20.1,2.5,1.8,6.4,21.1,10.0,,1.1,1.7,2.8,.156,,-3.9,4.2,0.3,0.5
361,Jordan Mickey\mickejo01,PF,22,Boston Celtics,23,136,9.5,.483,.030,.364,10.8,15.4,13.2,7.5,0.7,3.0,19.0,15.4,,0.0,0.1,0.1,.034,,-5.4,0.3,-5.1,-0.1
362,Khris Middleton\middlkh01,SG,25,Milwaukee Bucks,25,763,16.1,.581,.318,.301,1.4,14.4,8.0,17.5,2.4,0.8,14.3,23.0,,0.8,0.8,1.6,.099,,0.6,-0.7,-0.1,0.4
363,C.J. Miles\milescj01,SF,29,Indiana Pacers,71,1675,13.9,.597,.630,.151,1.8,12.3,7.1,4.3,1.3,1.3,5.4,18.4,,2.6,1.2,3.8,.110,,1.7,-2.0,-0.4,0.7
364,Mike Miller\millemi01,SF,36,Denver Nuggets,17,91,7.6,.630,.867,.133,2.4,25.6,14.0,16.8,0.5,0.0,36.2,11.6,,0.0,0.0,0.0,.013,,-3.0,-1.4,-4.3,-0.1
365,Patty Mills\millspa02,PG,28,San Antonio Spurs,74,1634,15.8,.587,.575,.134,1.6,7.3,4.5,24.3,1.9,0.1,13.0,19.6,,3.0,2.1,5.1,.149,,2.9,-1.4,1.6,1.5
366,Paul Millsap\millspa01,PF,31,Atlanta Hawks,66,2255,17.8,.538,.250,.408,5.2,19.2,12.3,18.2,1.9,2.3,11.7,24.2,,2.5,3.6,6.1,.131,,0.6,2.1,2.7,2.6
367,Nikola Mirotic\mirotni01,PF,25,Chicago Bulls,65,1541,14.2,.545,.605,.207,3.6,20.9,12.1,6.9,1.5,2.6,10.6,19.6,,1.1,2.1,3.1,.098,,-0.2,0.1,-0.1,0.7
368,Greg Monroe\monrogr01,C,26,Milwaukee Bucks,76,1723,21.3,.573,.003,.334,10.9,23.2,17.1,17.1,2.5,1.9,14.0,24.0,,3.0,2.4,5.5,.152,,0.6,1.4,2.1,1.8
369,E'Twaun Moore\mooreet01,SG,27,New Orleans Pelicans,70,1760,11.9,.534,.335,.118,2.0,6.8,4.4,13.9,1.3,1.4,8.7,17.4,,1.1,1.5,2.6,.071,,-0.9,-0.4,-1.3,0.3
370,Marcus Morris\morrima03,SF,27,Detroit Pistons,76,2504,12.5,.509,.358,.190,3.2,12.8,7.9,9.6,1.0,0.8,7.5,20.3,,1.4,2.4,3.8,.073,,-0.3,-0.2,-0.5,1.0
371,Markieff Morris\morrima02,PF,27,Washington Wizards,73,2295,13.4,.533,.217,.253,5.1,18.1,11.6,7.9,1.7,1.5,11.4,20.3,,1.4,2.5,3.9,.081,,-1.4,0.3,-1.1,0.5
372,Anthony Morrow\morroan01,SG,31,TOT,44,657,9.5,.505,.532,.126,1.9,3.0,2.5,4.2,1.6,0.2,2.8,16.2,,0.6,0.4,1.0,.071,,-1.5,-3.2,-4.6,-0.4
373,Anthony Morrow\morroan01,SG,31,Oklahoma City Thunder,40,627,9.1,.493,.536,.117,2.0,3.2,2.6,4.4,1.6,0.3,2.9,16.3,,0.4,0.4,0.8,.065,,-1.7,-3.1,-4.8,-0.4
374,Anthony Morrow\morroan01,SG,31,Chicago Bulls,4,30,17.4,.775,.444,.333,0.0,0.0,0.0,0.0,0.0,0.0,0.0,15.0,,0.1,0.0,0.1,.206,,2.9,-5.4,-2.4,0.0
375,Donatas Motiejunas\motiedo01,PF,26,New Orleans Pelicans,30,403,9.1,.491,.349,.358,6.0,18.3,12.1,10.2,1.6,1.8,18.7,17.1,,-0.3,0.5,0.2,.024,,-4.2,1.2,-3.0,-0.1
376,Timofey Mozgov\mozgoti01,C,30,Los Angeles Lakers,54,1104,12.3,.553,.003,.238,10.0,16.5,13.1,5.9,0.7,2.3,16.6,16.8,,0.7,0.4,1.0,.045,,-2.8,-0.9,-3.8,-0.5
377,Emmanuel Mudiay\mudiaem01,PG,20,Denver Nuggets,51,1319,10.6,.478,.322,.302,2.2,11.9,7.0,21.5,1.4,0.8,16.6,22.6,,-0.5,0.4,-0.1,-0.002,,-2.2,-1.8,-4.0,-0.7
378,Shabazz Muhammad\muhamsh01,SF,24,Minnesotta Timberwolves,71,1384,14.3,.566,.248,.310,6.0,10.9,8.4,3.7,0.7,0.3,7.7,20.7,,2.2,0.3,2.5,.085,,-0.4,-4.0,-4.3,-0.8
379,Dejounte Murray\murrade01,PG,20,San Antonio Spurs,37,316,9.6,.499,.200,.261,2.2,12.6,7.5,22.9,1.3,1.5,22.9,23.8,,-0.4,0.4,0.0,.001,,-4.8,-0.2,-5.0,-0.2
380,Jamal Murray\murraja01,SG,19,Denver Nuggets,76,1558,11.5,.514,.478,.165,2.7,11.0,6.8,12.6,1.5,1.1,12.7,21.7,,0.3,0.6,0.9,.028,,-0.8,-2.2,-3.0,-0.4
381,Mike Muscala\muscami01,C,25,Atlanta Hawks,65,1132,13.9,.585,.327,.203,7.1,14.2,10.7,11.0,1.2,2.8,13.5,14.8,,1.4,1.5,2.9,.122,,-0.8,1.4,0.6,0.7
382,Larry Nance Jr.\nancela02,PF,24,Los Angeles Lakers,58,1298,15.1,.564,.088,.225,8.4,18.9,13.4,9.4,2.7,2.2,13.1,13.3,,1.7,1.2,2.9,.106,,-0.7,1.9,1.2,1.1
383,Shabazz Napier\napiesh01,PG,25,Portland Trailblazers,49,435,12.0,.498,.542,.232,1.5,10.7,6.1,19.8,3.5,0.4,17.0,19.1,,-0.1,0.4,0.4,.042,,-1.7,-0.9,-2.6,-0.1
384,Maurice Ndour\ndourma01,PF,24,New York Knicks,27,199,9.6,.485,.115,.250,5.9,14.0,10.0,2.8,2.8,0.8,10.8,14.1,,0.0,0.2,0.2,.046,,-4.1,-0.8,-4.9,-0.1
385,Gary Neal\nealga01,SG,32,Atlanta Hawks,2,18,-4.2,.228,.286,.571,0.0,6.0,3.0,7.1,0.0,0.0,0.0,21.2,,-0.1,0.0,-0.1,-0.189,,-11.8,-5.0,-16.7,-0.1
386,Jameer Nelson\nelsoja01,PG,34,Denver Nuggets,74,2013,11.6,.545,.449,.106,1.6,8.9,5.2,26.2,1.3,0.3,16.7,15.8,,2.4,0.4,2.7,.066,,0.5,-2.5,-2.0,0.0
387,Raul Neto\netora01,PG,24,Utah Jazz,39,333,11.1,.538,.337,.101,1.4,8.1,4.8,15.0,3.3,0.7,13.1,15.0,,0.2,0.5,0.8,.109,,-1.4,1.1,-0.4,0.1
388,Georges Niang\niangge01,PF,23,Indiana Pacers,23,93,0.1,.285,.333,.056,2.4,17.8,10.2,7.6,1.6,0.0,11.9,20.2,,-0.4,0.1,-0.3,-0.171,,-9.9,-2.2,-12.2,-0.2
389,Andrew Nicholson\nichoan01,PF,27,TOT,35,302,7.4,.444,.235,.137,5.2,14.8,10.0,4.8,2.3,1.7,11.5,17.5,,-0.3,0.3,0.0,.001,,-5.2,-0.4,-5.6,-0.3
390,Andrew Nicholson\nichoan01,PF,27,Washington Wizards,28,231,6.3,.425,.208,.156,5.4,11.2,8.3,4.2,2.3,2.2,11.8,17.6,,-0.3,0.3,-0.1,-0.013,,-5.5,-0.2,-5.7,-0.2
391,Andrew Nicholson\nichoan01,PF,27,Brooklyn Nets,7,71,11.0,.502,.320,.080,4.5,26.5,15.7,6.7,2.0,0.0,10.4,17.4,,0.0,0.1,0.1,.048,,-4.3,-1.0,-5.2,-0.1
392,Joakim Noah\noahjo01,C,31,New York Knicks,46,1015,15.2,.495,.005,.390,16.9,25.5,21.2,14.1,1.5,3.0,19.8,12.5,,1.1,1.2,2.3,.108,,-0.7,2.9,2.2,1.1
393,Nerlens Noel\noelne01,C,22,TOT,45,940,20.3,.620,.004,.362,10.0,21.2,15.5,8.1,3.2,4.1,12.2,17.6,,1.9,1.7,3.6,.184,,-0.3,3.8,3.5,1.3
394,Nerlens Noel\noelne01,C,22,Philadelphia 76ers,29,564,20.8,.634,.006,.360,9.0,19.0,14.0,9.0,3.7,3.6,12.5,17.8,,1.1,1.1,2.2,.186,,0.2,3.7,3.9,0.8
395,Nerlens Noel\noelne01,C,22,Dallas Mavericks,16,376,19.6,.596,.000,.365,11.6,24.5,17.7,6.7,2.4,4.8,11.7,17.2,,0.7,0.7,1.4,.181,,-1.1,3.9,2.7,0.4
396,Lucas Nogueira\noguelu01,C,24,Toronto Raptors,55,1075,15.6,.693,.065,.438,8.4,16.7,12.6,5.2,2.4,7.3,20.1,9.5,,1.7,1.9,3.7,.164,,0.0,5.6,5.5,2.0
397,Steve Novak\novakst01,PF,33,Milwaukee Bucks,8,22,1.3,.357,.857,.000,0.0,15.7,8.0,0.0,0.0,0.0,0.0,14.5,,0.0,0.0,0.0,-0.076,,-6.8,-6.8,-13.6,-0.1
398,Dirk Nowitzki\nowitdi01,PF,38,Dallas Mavericks,50,1333,17.2,.532,.315,.172,1.8,28.9,14.7,10.5,1.1,2.2,6.5,25.7,,0.7,1.8,2.5,.090,,-1.5,0.2,-1.2,0.3
399,Jusuf Nurkic\nurkiju01,C,22,TOT,65,1391,17.5,.528,.002,.393,12.4,24.9,18.6,13.7,1.8,4.1,18.6,23.9,,0.2,1.7,1.9,.066,,-2.4,2.0,-0.3,0.6
400,Jusuf Nurkic\nurkiju01,C,22,Denver Nuggets,45,807,14.8,.515,.000,.379,12.4,23.4,17.9,10.8,1.5,3.4,19.1,22.7,,-0.3,0.7,0.5,.029,,-3.3,0.8,-2.5,-0.1
401,Jusuf Nurkic\nurkiju01,C,22,Portland Trailblazers,20,584,21.1,.545,.004,.411,12.3,27.0,19.7,17.6,2.1,5.2,18.0,25.6,,0.5,0.9,1.4,.117,,-1.1,3.8,2.7,0.7
402,David Nwaba\nwabada01,SG,24,Los Angeles Lakers,17,315,11.9,.611,.083,.550,4.7,13.6,9.0,3.6,1.5,1.8,8.6,11.1,,0.5,0.1,0.6,.092,,-1.9,-0.5,-2.4,0.0
403,Johnny O'Bryant\obryajo01,PF,23,TOT,11,80,14.9,.582,.200,.200,12.4,13.8,13.1,12.7,0.0,1.0,15.5,21.1,,0.1,0.0,0.1,.088,,-0.2,-3.1,-3.3,0.0
404,Johnny O'Bryant\obryajo01,PF,23,Denver Nuggets,7,46,14.5,.597,.200,.267,12.1,14.5,13.3,6.2,0.0,1.7,15.2,18.3,,0.1,0.0,0.1,.093,,-0.8,-3.2,-4.1,0.0
405,Johnny O'Bryant\obryajo01,PF,23,Charlotte Hornets,4,34,15.4,.567,.200,.133,12.9,12.9,12.9,21.5,0.0,0.0,15.9,25.0,,0.0,0.0,0.1,.082,,0.7,-3.0,-2.2,0.0
406,Kyle O'Quinn\oquinky01,PF,26,New York Knicks,74,1135,20.5,.551,.039,.198,13.9,25.0,19.4,14.7,1.5,6.8,14.7,18.7,,1.8,1.7,3.5,.150,,-0.2,3.6,3.4,1.5
407,Daniel Ochefu\ochefda01,C,23,Washington Wizards,18,58,1.5,.366,.000,.095,5.8,31.0,18.4,4.8,0.8,0.0,12.1,18.7,,-0.2,0.1,-0.1,-0.068,,-10.0,-2.4,-12.4,-0.2
408,Jahlil Okafor\okafoja01,C,21,Philadelphia 76ers,50,1134,14.9,.546,.000,.335,7.9,15.4,11.6,9.0,0.9,3.4,14.3,24.1,,0.1,1.1,1.3,.053,,-3.3,0.1,-3.2,-0.3
409,Victor Oladipo\oladivi01,SG,24,Oklahoma City Thunder,61,2039,14.1,.542,.378,.158,1.9,12.5,7.2,11.9,1.8,0.7,10.0,21.3,,1.9,2.1,4.0,.094,,-0.1,-1.0,-1.1,0.5
410,Kelly Olynyk\olynyke01,C,25,Boston Celtics,70,1432,15.3,.610,.379,.246,5.4,19.9,12.8,14.9,1.5,1.5,15.2,18.8,,2.1,1.8,3.8,.129,,0.2,0.6,0.9,1.0
411,Arinze Onuaku\onuakar01,C,29,Orlando Magic,8,28,5.8,.500,.000,.000,7.6,16.0,11.7,9.9,0.0,2.9,33.3,9.4,,0.0,0.0,0.0,-0.002,,-6.5,0.8,-5.7,0.0
412,Chicago Bullsnanu Onuaku\onuakch01,C,20,Houston Rockets,2,10,37.1,1.042,.000,1.000,10.9,22.0,16.5,15.7,4.8,0.0,0.0,12.2,,0.1,0.0,0.1,.520,,10.5,2.2,12.7,0.0
413,Kelly Oubre\oubreke01,SF,21,Washington Wizards,74,1454,8.6,.512,.439,.210,4.2,14.1,9.2,3.8,1.8,0.8,9.2,14.3,,0.4,1.3,1.8,.058,,-2.0,-0.5,-2.5,-0.2
414,Zaza Pachulia\pachuza01,C,32,Golden State Warriors,65,1172,16.4,.585,.003,.424,13.2,21.8,17.8,13.7,2.4,2.0,19.0,15.5,,2.1,2.3,4.4,.182,,-0.1,3.1,3.0,1.5
415,Georgios Papagiannis\papagge01,C,19,Sacramento Kings,17,234,13.1,.547,.015,.121,8.0,22.1,15.1,6.1,0.4,5.8,12.6,15.4,,0.2,0.2,0.4,.078,,-4.0,1.2,-2.8,0.0
416,Jabari Parker\parkeja01,PF,21,Milwaukee Bucks,51,1728,19.1,.563,.219,.268,5.4,15.6,10.6,14.2,1.5,1.1,9.2,26.4,,2.7,1.4,4.1,.113,,1.6,-1.4,0.2,1.0
417,Tony Parker\parketo01,PG,34,San Antonio Spurs,58,1476,12.7,.507,.123,.204,0.8,7.3,4.2,27.6,1.0,0.1,12.4,20.2,,1.2,1.5,2.7,.087,,-1.4,-1.7,-3.1,-0.4
418,Chandler Parsons\parsoch01,SF,28,Memphis Grizzlies,34,675,7.6,.436,.419,.194,1.0,13.6,7.1,12.7,1.5,0.7,9.1,17.8,,-0.5,0.7,0.2,.016,,-3.6,-0.4,-4.0,-0.3
419,Lamar Patterson\pattela01,SG,25,Atlanta Hawks,5,40,-1.8,.276,.400,.200,2.8,16.3,9.6,21.2,1.2,0.0,19.7,22.1,,-0.2,0.0,-0.1,-0.177,,-9.9,-1.3,-11.2,-0.1
420,Patrick Patterson\pattepa01,PF,27,Toronto Raptors,60,1498,10.7,.537,.658,.168,4.6,16.8,10.7,6.6,1.3,1.3,8.8,12.5,,1.6,1.5,3.0,.097,,0.5,0.4,0.9,1.1
421,Chris Paul\paulch01,PG,31,Los Angeles Clippers,57,1794,25.9,.611,.391,.339,2.6,14.7,8.8,46.9,3.0,0.3,14.2,24.4,,7.3,2.3,9.6,.258,,7.6,0.8,8.4,4.7
422,Adreian Payne\paynead01,PF,25,Minnesotta Timberwolves,14,107,15.4,.525,.244,.422,7.5,18.9,13.1,7.5,2.8,4.8,11.6,25.0,,0.1,0.2,0.2,.098,,-2.0,0.3,-1.8,0.0
423,Cameron Payne\payneca01,PG,22,TOT,30,460,5.6,.407,.446,.041,0.7,10.6,5.6,17.7,1.5,0.9,12.9,21.0,,-0.8,0.4,-0.4,-0.038,,-4.8,-2.2,-7.1,-0.6
424,Cameron Payne\payneca01,PG,22,Oklahoma City Thunder,20,320,6.2,.402,.400,.031,0.7,10.0,5.4,18.3,1.5,1.2,10.8,19.6,,-0.4,0.3,-0.1,-0.013,,-4.7,-2.0,-6.7,-0.4
425,Cameron Payne\payneca01,PG,22,Chicago Bulls,10,140,4.2,.417,.540,.063,0.8,11.8,6.2,16.5,1.4,0.0,16.7,24.3,,-0.4,0.1,-0.3,-0.095,,-5.0,-2.8,-7.8,-0.2
426,Elfrid Payton\paytoel01,PG,22,Orlando Magic,77,2268,17.0,.518,.163,.238,3.9,13.9,8.7,34.6,1.9,1.4,15.0,21.4,,2.1,2.1,4.2,.088,,0.5,0.5,1.0,1.7
427,Gary Payton\paytoga02,G,24,Milwaukee Bucks,1,9,8.8,.833,.667,.000,0.0,12.8,6.5,0.0,0.0,0.0,40.0,25.3,,0.0,0.0,0.0,-0.145,,-5.8,-7.2,-13.0,0.0
428,Paul Pierce\piercpa01,SF,39,Los Angeles Clippers,22,261,5.2,.528,.597,.194,0.4,18.8,9.8,4.8,0.8,1.6,18.2,14.1,,-0.2,0.3,0.1,.010,,-4.2,-0.3,-4.4,-0.2
429,Marshall Plumlee\plumlma02,C,24,New York Knicks,17,115,9.2,.510,.000,1.154,12.1,16.8,14.5,10.2,1.3,2.1,31.5,10.8,,0.0,0.1,0.1,.033,,-3.9,0.9,-3.0,0.0
430,Mason Plumlee\plumlma01,C,26,TOT,75,1996,18.4,.560,.011,.497,8.6,22.8,15.7,20.7,1.6,3.2,15.0,17.9,,3.5,2.2,5.7,.138,,0.2,2.6,2.7,2.4
431,Mason Plumlee\plumlma01,C,26,Portland Trailblazers,54,1516,18.8,.552,.011,.507,8.8,22.9,15.8,21.3,1.6,3.3,14.1,18.3,,2.7,1.8,4.6,.144,,0.3,2.8,3.1,1.9
432,Mason Plumlee\plumlma01,C,26,Denver Nuggets,21,480,16.9,.586,.008,.465,7.9,22.6,15.3,18.7,1.5,2.9,18.0,16.8,,0.8,0.4,1.2,.119,,-0.2,1.9,1.7,0.4
433,Milwaukee Buckses Plumlee\plumlmi01,C,28,TOT,40,410,9.5,.534,.000,.470,8.5,13.3,10.9,6.9,2.0,2.6,20.6,14.0,,0.0,0.4,0.4,.053,,-4.0,0.7,-3.3,-0.1
434,Milwaukee Buckses Plumlee\plumlmi01,C,28,Milwaukee Bucks,32,310,8.0,.492,.000,.515,8.8,11.2,10.0,8.1,1.8,2.6,20.9,15.5,,-0.1,0.3,0.1,.020,,-4.5,0.3,-4.2,-0.2
435,Milwaukee Buckses Plumlee\plumlmi01,C,28,Charlotte Hornets,8,100,13.9,.746,.000,.267,7.6,19.7,13.7,3.0,2.5,2.6,19.3,9.3,,0.2,0.2,0.3,.153,,-2.2,1.9,-0.2,0.0
436,Jakob Poeltl\poeltja01,C,21,Toronto Raptors,49,561,11.1,.557,.000,.515,14.7,15.1,14.9,2.5,1.5,2.6,19.0,12.2,,0.6,0.6,1.2,.104,,-1.7,0.4,-1.3,0.1
437,Otto Porter\porteot01,SF,23,Washington Wizards,77,2543,17.3,.632,.426,.144,4.9,16.9,10.9,6.6,2.2,1.3,4.9,14.9,,6.3,2.9,9.2,.173,,3.0,1.0,4.0,3.8
438,Bobby Portis\portibo01,PF,21,Chicago Bulls,59,902,14.1,.536,.256,.164,7.8,23.4,15.5,5.4,0.7,1.0,8.6,19.1,,0.9,1.0,1.8,.097,,-2.0,-1.8,-3.8,-0.4
439,Kristaps Porzingis\porzikr01,PF,21,New York Knicks,66,2164,17.4,.546,.319,.256,5.5,18.0,11.7,7.3,1.1,4.9,9.7,24.3,,2.4,2.1,4.5,.099,,0.1,0.0,0.2,1.2
440,Dwight Powell\poweldw01,C,25,Dallas Mavericks,71,1184,18.2,.592,.109,.391,8.4,19.9,13.9,6.3,2.5,2.7,6.7,16.2,,2.6,1.8,4.4,.180,,-0.5,2.3,1.8,1.1
441,Norman Powell\powelno01,SG,23,Toronto Raptors,73,1323,13.6,.546,.342,.321,2.1,11.9,7.0,9.3,1.8,0.9,11.0,21.1,,1.2,1.3,2.5,.089,,-0.6,-1.3,-1.9,0.0
442,Alex Poythress\poythal01,F,23,Philadelphia 76ers,1,24,16.9,.590,.375,.375,4.6,9.1,6.9,6.8,0.0,3.3,0.0,16.8,,0.1,0.0,0.1,.162,,0.1,-2.1,-2.1,0.0
443,Ronnie Price\pricero01,PG,33,Phoenix Suns,10,85,4.8,.196,.765,.118,3.7,9.2,6.4,14.7,4.5,0.0,5.3,9.3,,-0.1,0.1,0.0,-0.018,,-3.4,1.6,-1.9,0.0
444,Tim Quarterman\quartti01,SG,22,Portland Trailblazers,13,44,19.5,.731,.462,.000,5.0,10.1,7.6,28.6,1.1,3.6,23.5,17.0,,0.1,0.0,0.2,.167,,2.1,-1.4,0.7,0.0
445,Chasson Randle\randlch01,PG,23,TOT,22,235,15.8,.596,.481,.430,2.7,9.2,6.0,20.3,1.5,0.3,10.5,19.4,,0.6,0.1,0.7,.151,,1.8,-3.1,-1.3,0.0
446,Chasson Randle\randlch01,PG,23,Philadelphia 76ers,8,74,17.7,.671,.577,.462,0.0,7.4,3.7,13.1,2.0,1.1,8.8,20.1,,0.2,0.1,0.3,.199,,2.6,-2.6,0.0,0.0
447,Chasson Randle\randlch01,PG,23,New York Knicks,14,161,14.9,.558,.434,.415,4.0,10.0,7.0,23.5,1.2,0.0,11.3,19.0,,0.4,0.1,0.4,.129,,1.4,-3.4,-1.9,0.0
448,Julius Randle\randlju01,PF,22,Los Angeles Lakers,69,2002,16.0,.537,.080,.362,7.4,26.0,16.4,19.6,1.2,1.4,16.4,21.4,,1.7,1.3,3.0,.071,,-0.9,0.7,-0.2,0.9
449,Zach Randolph\randoza01,PF,35,Memphis Grizzlies,69,1690,18.7,.494,.098,.200,11.5,27.1,19.1,13.5,1.1,0.6,8.6,28.9,,1.0,2.2,3.2,.092,,-1.1,-0.6,-1.7,0.1
450,J.J. Redick\redicjj01,SG,32,Los Angeles Clippers,74,2076,14.6,.599,.524,.227,0.6,7.9,4.4,7.7,1.2,0.4,9.3,22.0,,3.1,1.3,4.3,.100,,1.9,-2.3,-0.3,0.9
451,Willie Reed\reedwi02,C,26,Miami Heat,66,966,17.0,.575,.015,.302,13.4,21.9,17.6,3.8,0.9,3.6,8.4,15.2,,1.9,1.4,3.4,.167,,-1.4,0.7,-0.7,0.3
452,Josh Richardson\richajo01,SG,23,Miami Heat,48,1422,9.9,.480,.442,.152,2.4,9.5,5.9,12.5,1.7,1.9,10.7,17.0,,0.0,1.6,1.6,.053,,-1.5,0.8,-0.6,0.5
453,Malachi Richardson\richama01,SG,21,Sacramento Kings,22,198,9.6,.517,.412,.279,1.8,11.6,6.7,8.7,1.3,0.5,9.5,19.3,,0.0,0.1,0.1,.028,,-2.6,-3.0,-5.5,-0.2
454,Austin Rivers\riverau01,SG,24,Los Angeles Clippers,74,2054,11.4,.545,.409,.261,1.1,7.5,4.4,15.0,1.2,0.4,12.4,20.3,,1.2,1.2,2.5,.057,,-0.1,-1.6,-1.7,0.2
455,Andre Roberson\roberan03,SF,25,Oklahoma City Thunder,76,2318,9.7,.512,.396,.240,4.7,14.2,9.5,4.4,1.9,2.6,9.1,10.1,,1.1,3.0,4.1,.085,,-2.0,2.0,-0.1,1.1
456,Brian Roberts\roberbr01,PG,31,Charlotte Hornets,36,323,11.7,.533,.391,.391,1.4,9.9,5.6,22.9,1.1,0.0,15.0,17.6,,0.3,0.2,0.5,.071,,-2.1,-2.8,-4.9,-0.2
457,Glenn Robinson\robingl02,SF,23,Indiana Pacers,69,1426,11.5,.563,.369,.224,4.5,14.5,9.6,4.7,1.4,1.3,9.0,12.9,,1.3,1.2,2.4,.082,,-1.3,-0.2,-1.5,0.2
458,Thomas Robinson\robinth01,PF,25,Los Angeles Lakers,43,477,18.6,.536,.006,.331,17.0,28.0,22.3,9.3,2.5,1.5,15.5,20.2,,0.5,0.5,1.0,.099,,-1.4,0.1,-1.3,0.1
459,Sergio Rodriguez\rodrise01,PG,30,Philadelphia 76ers,68,1518,11.0,.484,.470,.050,1.5,9.8,5.7,35.4,1.5,0.2,18.9,19.3,,-0.3,1.1,0.8,.024,,-1.6,-2.3,-3.8,-0.7
460,Rajon Rondo\rondora01,PG,30,Chicago Bulls,67,1798,13.4,.460,.236,.092,4.0,16.8,10.3,36.8,2.8,0.5,22.5,17.8,,-0.5,2.4,1.9,.052,,-1.4,1.5,0.1,1.0
461,Derrick Rose\rosede01,PG,28,New York Knicks,64,2082,16.9,.530,.061,.259,3.4,9.3,6.3,22.8,1.1,0.7,11.9,25.7,,2.4,0.6,2.9,.068,,0.2,-2.2,-2.0,0.0
462,Terrence Ross\rosste01,SF,25,TOT,73,1822,13.4,.550,.520,.104,1.1,11.0,6.0,6.5,2.2,1.4,7.8,19.4,,1.5,1.8,3.3,.087,,0.4,-0.8,-0.4,0.7
463,Terrence Ross\rosste01,SF,25,Toronto Raptors,54,1207,14.9,.558,.534,.104,1.3,11.7,6.5,5.8,2.2,1.4,6.2,19.7,,1.6,1.3,2.9,.115,,1.2,-1.0,0.3,0.7
464,Terrence Ross\rosste01,SF,25,Orlando Magic,19,615,10.6,.532,.489,.103,0.7,9.7,5.0,7.7,2.1,1.4,11.1,18.8,,-0.1,0.5,0.4,.032,,-1.4,-0.4,-1.7,0.0
465,Terry Rozier\roziete01,PG,22,Boston Celtics,71,1240,10.8,.467,.433,.159,3.6,16.2,10.0,15.2,1.7,0.7,9.8,17.1,,0.1,1.3,1.4,.054,,-2.5,-0.1,-2.5,-0.2
466,Ricky Rubio\rubiori01,PG,26,Minnesotta Timberwolves,69,2255,17.1,.549,.314,.447,3.3,11.2,7.2,38.9,2.7,0.3,20.5,16.9,,4.4,1.7,6.1,.129,,1.9,-0.8,1.1,1.8
467,Damjan Rudez\rudezda01,SF,30,Orlando Magic,42,302,6.3,.470,.759,.000,1.8,7.4,4.5,9.0,1.8,0.3,9.8,13.4,,-0.1,0.2,0.1,.011,,-2.7,-1.7,-4.4,-0.2
468,Brandon Rush\rushbr01,SG,31,Minnesotta Timberwolves,40,837,7.0,.502,.593,.074,1.6,9.9,5.7,6.1,1.2,2.0,11.2,10.0,,0.1,0.4,0.5,.027,,-2.0,0.0,-2.0,0.0
469,D'Angelo Russell\russeda01,PG,20,Los Angeles Lakers,61,1743,15.6,.520,.443,.219,1.8,11.9,6.7,27.2,2.3,0.8,15.4,26.6,,0.5,0.8,1.3,.036,,1.3,-1.7,-0.5,0.7
470,Domantas Sabonis\sabondo01,PF,20,Oklahoma City Thunder,75,1537,6.6,.470,.330,.125,3.0,16.4,9.7,7.2,1.1,1.5,14.4,15.0,,-1.0,1.6,0.6,.019,,-4.7,-0.3,-5.0,-1.2
471,Larry Sanders\sandela01,C,28,Cleveland Cavaliers,2,4,-19.0,.000,.000,.000,0.0,0.0,0.0,0.0,0.0,0.0,0.0,11.1,,0.0,0.0,0.0,-0.274,,-14.0,-3.2,-17.2,0.0
472,Dario Saric\saricda01,PF,22,Philadelphia 76ers,77,2039,12.7,.508,.364,.233,5.7,20.5,13.1,14.1,1.2,1.1,14.9,24.5,,-1.0,2.1,1.1,.025,,-2.0,-0.2,-2.2,-0.1
473,Tomas Satoransky\satorto01,SG,25,Washington Wizards,54,663,8.6,.481,.244,.237,4.1,9.1,6.6,16.2,1.8,0.8,18.6,11.7,,0.1,0.5,0.6,.046,,-2.8,0.0,-2.8,-0.1
474,Denver Nuggetsnis Schroder\schrode01,PG,23,Atlanta Hawks,76,2398,16.1,.531,.241,.213,1.9,8.9,5.4,35.7,1.5,0.5,16.4,28.1,,1.0,2.4,3.4,.068,,0.6,-1.5,-0.9,0.7
475,Luis Scola\scolalu01,PF,36,Brooklyn Nets,36,461,14.0,.550,.331,.245,11.9,20.0,16.0,12.7,1.4,0.7,16.9,18.7,,0.4,0.4,0.8,.083,,-0.8,-0.3,-1.1,0.1
476,Mike Scott\scottmi01,PF,28,Atlanta Hawks,18,195,6.1,.366,.466,.138,5.7,15.0,10.4,12.5,1.0,1.3,11.5,15.5,,-0.3,0.2,0.0,-0.009,,-5.1,-0.1,-5.2,-0.2
477,Thabo Sefolosha\sefolth01,SF,32,Atlanta Hawks,60,1556,12.2,.525,.303,.194,3.6,14.8,9.3,10.1,3.0,1.7,11.6,13.3,,0.7,2.6,3.3,.103,,-1.8,3.1,1.3,1.3
478,Wayne Selden\seldewa01,SG,22,TOT,9,99,5.6,.551,.714,.381,0.0,10.1,5.0,6.0,2.0,0.0,19.7,13.8,,-0.1,0.1,0.0,.007,,-3.7,-0.9,-4.5,-0.1
479,Wayne Selden\seldewa01,SG,22,New Orleans Pelicans,3,47,10.0,.820,.875,.500,0.0,11.2,5.6,3.1,2.1,0.0,23.5,12.0,,0.0,0.1,0.1,.092,,-0.5,-0.6,-1.1,0.0
480,Wayne Selden\seldewa01,SG,22,Memphis Grizzlies,6,52,1.7,.373,.615,.308,0.0,9.1,4.4,8.6,2.0,0.0,16.9,15.5,,-0.1,0.0,-0.1,-0.070,,-6.5,-1.1,-7.7,-0.1
481,Kevin Seraphin\serapke01,PF,27,Indiana Pacers,44,475,13.8,.541,.012,.061,8.8,19.7,14.3,7.1,0.6,3.3,11.6,17.9,,0.3,0.5,0.7,.074,,-3.2,-0.3,-3.5,-0.2
482,Ramon Sessions\sessira01,PG,30,Charlotte Hornets,50,811,12.2,.495,.236,.449,1.6,8.4,5.0,24.1,1.5,0.3,12.7,20.0,,0.3,0.6,1.0,.057,,-2.4,-2.2,-4.7,-0.5
483,Iman Shumpert\shumpim01,SG,26,Cleveland Cavaliers,70,1797,9.3,.536,.546,.174,2.2,10.2,6.3,8.0,1.6,1.2,11.8,13.9,,0.8,1.3,2.1,.055,,-1.1,0.0,-1.1,0.4
484,Pascal Siakam\siakapa01,PF,22,Toronto Raptors,54,831,11.5,.523,.030,.162,8.4,15.5,12.0,2.9,1.5,4.7,13.2,13.0,,0.4,1.1,1.5,.088,,-2.9,1.9,-1.0,0.2
485,Jonathon Simmons\simmojo02,SG,27,San Antonio Spurs,72,1244,10.3,.515,.238,.332,1.7,11.4,6.7,12.8,1.8,1.6,13.8,17.9,,0.1,1.9,2.0,.078,,-2.5,1.0,-1.5,0.1
486,Kyle Singler\singlky01,SF,28,Oklahoma City Thunder,28,285,4.0,.493,.473,.200,1.6,10.9,6.2,2.4,0.5,0.8,15.5,10.6,,-0.1,0.2,0.1,.009,,-5.4,-1.9,-7.3,-0.4
487,Marcus Smart\smartma01,PG,22,Boston Celtics,74,2249,11.7,.483,.430,.331,3.8,10.5,7.2,21.6,2.6,1.0,15.8,19.1,,0.2,2.6,2.8,.059,,-1.3,0.8,-0.5,0.9
488,Ish Smith\smithis01,PG,28,Detroit Pistons,76,1803,14.4,.474,.143,.134,1.0,12.7,6.7,32.1,1.7,1.4,12.7,20.1,,0.5,2.2,2.7,.072,,-1.5,0.5,-1.0,0.4
489,J.R. Smith\smithjr01,SG,31,Cleveland Cavaliers,35,993,8.2,.488,.761,.050,1.5,8.4,5.0,6.6,1.8,0.8,6.7,14.8,,0.0,0.7,0.7,.034,,-0.6,-0.8,-1.3,0.2
490,Jason Smith\smithja02,C,30,Washington Wizards,69,980,13.7,.593,.200,.154,7.3,20.2,13.7,4.6,1.0,4.4,13.5,16.7,,1.0,1.2,2.1,.105,,-2.1,0.6,-1.5,0.1
491,Tony Snell\snellto01,SG,25,Milwaukee Bucks,76,2224,9.7,.604,.663,.113,1.2,11.5,6.4,5.9,1.0,0.6,8.5,12.1,,2.2,1.1,3.3,.071,,0.4,-1.3,-0.9,0.6
492,Marreese Speights\speigma01,C,29,Los Angeles Clippers,78,1222,18.2,.593,.501,.263,7.8,24.0,16.1,7.9,0.9,2.7,9.8,23.6,,2.6,1.6,4.2,.164,,1.8,-0.9,0.9,0.9
493,Tiago Splitter\splitti01,C,32,Philadelphia 76ers,3,22,25.1,.697,.125,.375,20.1,14.9,17.5,16.5,0.0,3.6,17.7,22.3,,0.1,0.0,0.1,.208,,4.0,-0.4,3.6,0.0
494,Nik Stauskas\stausni01,SG,23,Philadelphia 76ers,75,2055,9.1,.545,.567,.230,1.1,10.2,5.7,12.5,1.0,1.2,15.6,16.1,,0.1,1.4,1.5,.035,,-1.7,-0.6,-2.2,-0.1
495,Lance Stephenson\stephla01,SG,26,TOT,13,247,8.4,.475,.157,.120,1.3,12.6,6.9,23.2,0.4,0.3,15.5,18.6,,-0.1,0.1,0.0,-0.002,,-4.3,-2.2,-6.6,-0.3
496,Lance Stephenson\stephla01,SG,26,New Orleans Pelicans,6,162,10.3,.496,.182,.145,1.9,9.8,5.8,28.0,0.6,0.5,15.8,19.0,,0.0,0.1,0.1,.031,,-3.0,-1.9,-4.8,-0.1
497,Lance Stephenson\stephla01,SG,26,Minnesotta Timberwolves,6,67,6.7,.480,.095,.095,0.0,17.7,8.7,11.2,0.0,0.0,15.5,17.1,,-0.1,0.0,-0.1,-0.042,,-6.2,-3.0,-9.2,-0.1
498,Lance Stephenson\stephla01,G-F,26,Indiana Pacers,1,18,-2.4,.286,.143,.000,0.0,18.4,9.3,24.0,0.0,0.0,12.5,19.9,,-0.1,0.0,-0.1,-0.151,,-9.5,-2.7,-12.2,0.0
499,Jarnell Stokes\stokeja01,PF,23,Denver Nuggets,2,7,31.6,.798,.000,2.000,15.9,15.8,15.9,40.3,7.0,0.0,0.0,11.4,,0.1,0.0,0.1,.477,,11.8,3.5,15.4,0.0
500,Diamond Stone\stonedi01,C,19,Los Angeles Clippers,7,24,-1.2,.339,.000,.308,4.8,22.7,14.0,0.0,0.0,3.4,11.9,31.2,,-0.1,0.0,-0.1,-0.212,,-17.2,-6.9,-24.1,-0.1
501,Rodney Stuckey\stuckro01,PG,30,Indiana Pacers,39,696,9.5,.483,.246,.439,1.0,12.4,6.7,17.9,1.1,0.0,15.4,22.2,,-0.5,0.4,-0.1,-0.009,,-3.9,-2.4,-6.3,-0.8
502,Jared Sullinger\sullija01,PF,24,Toronto Raptors,11,118,5.6,.359,.375,.167,9.6,16.3,12.9,3.7,1.7,0.7,7.2,21.0,,-0.2,0.1,-0.1,-0.040,,-5.1,-2.7,-7.8,-0.2
503,Walter Tavares\tavarwa01,C,24,Atlanta Hawks,1,4,13.1,.532,.000,2.000,0.0,27.1,13.7,0.0,0.0,0.0,0.0,20.5,,0.0,0.0,0.0,-0.046,,-8.1,-7.1,-15.2,0.0
504,Isaiah Taylor\taylois01,G,22,Houston Rockets,1,15,6.1,.387,.333,.667,0.0,7.3,3.7,0.0,3.2,5.4,0.0,10.9,,0.0,0.0,0.0,.031,,-6.3,1.8,-4.5,0.0
505,Jeff Teague\teaguje01,PG,28,Indiana Pacers,77,2495,19.1,.574,.276,.448,1.5,12.7,7.2,36.8,1.9,1.1,16.9,22.1,,5.1,2.2,7.3,.141,,2.3,-0.5,1.8,2.4
506,Mirza Teletovic\teletmi01,PF,31,Milwaukee Bucks,65,1021,9.3,.523,.733,.113,1.3,15.5,8.5,6.6,0.5,1.0,8.0,19.4,,0.1,0.6,0.6,.030,,-1.1,-3.6,-4.7,-0.7
507,Garrett Temple\templga01,SG,30,Sacramento Kings,62,1644,11.0,.547,.509,.179,2.2,9.7,6.0,14.3,2.3,1.5,14.4,14.1,,0.9,1.2,2.1,.060,,-0.4,0.4,0.0,0.8
508,Jason Terry\terryja01,SG,39,Milwaukee Bucks,69,1285,8.8,.586,.712,.128,1.4,7.5,4.5,9.7,1.7,1.3,11.8,9.6,,1.1,0.8,1.9,.071,,-0.5,-0.6,-1.1,0.3
509,Isaiah Thomas\thomais02,PG,27,Boston Celtics,71,2415,26.6,.626,.436,.440,1.7,6.8,4.3,32.5,1.4,0.3,10.4,33.9,,10.5,1.6,12.1,.240,,8.9,-3.4,5.5,4.6
510,Lance Thomas\thomala01,PF,28,New York Knicks,46,968,8.4,.516,.348,.209,3.5,12.3,7.9,5.0,1.1,0.4,8.6,13.1,,0.5,0.4,0.9,.046,,-2.1,-1.6,-3.7,-0.4
511,Hollis Thompson\thompho01,SG,25,TOT,40,752,7.9,.482,.475,.145,2.8,13.3,8.0,6.8,1.3,0.6,4.9,13.0,,0.1,0.6,0.8,.049,,-2.7,-0.4,-3.2,-0.2
512,Hollis Thompson\thompho01,SG,25,Philadelphia 76ers,31,561,9.0,.510,.447,.126,3.0,13.3,8.1,7.0,1.2,0.8,5.1,13.7,,0.3,0.4,0.7,.062,,-2.2,-0.7,-2.9,-0.1
513,Hollis Thompson\thompho01,SG,25,New Orleans Pelicans,9,191,4.7,.378,.585,.220,2.2,13.2,7.7,6.3,1.5,0.0,4.3,10.9,,-0.2,0.2,0.0,.011,,-4.3,0.3,-4.0,-0.1
514,Klay Thompson\thompkl01,SG,26,Golden State Warriors,74,2526,17.2,.593,.469,.150,2.1,9.2,5.9,9.2,1.2,1.2,8.3,25.8,,3.8,2.7,6.6,.124,,2.2,-2.0,0.2,1.4
515,Tristan Thompson\thomptr01,C,25,Cleveland Cavaliers,76,2290,15.4,.593,.007,.493,14.1,19.9,17.1,4.7,0.8,2.9,10.8,11.3,,4.9,2.2,7.2,.150,,0.1,1.5,1.6,2.1
516,Marcus Thornton\thornma01,SG,29,Washington Wizards,33,575,10.3,.494,.381,.129,4.3,10.5,7.4,9.8,1.6,0.4,10.1,18.7,,0.1,0.4,0.5,.041,,-1.7,-1.5,-3.2,-0.2
517,Mike Tobey\tobeymi01,C,22,Charlotte Hornets,2,25,-0.1,.250,.000,.000,8.7,4.4,6.6,5.4,0.0,0.0,20.0,9.0,,0.0,0.0,0.0,-0.067,,-7.4,-1.4,-8.8,0.0
518,Anthony Tolliver\tollian01,PF,31,Sacramento Kings,62,1416,11.1,.597,.649,.204,4.1,14.5,9.3,7.4,1.1,1.2,12.5,13.5,,1.4,0.7,2.2,.073,,0.1,-0.8,-0.6,0.5
519,Axel Toupane\toupaax01,SF,24,Milwaukee Bucks,2,6,-9.9,.000,1.000,.000,0.0,0.0,0.0,0.0,0.0,0.0,0.0,7.6,,0.0,0.0,0.0,-0.192,,-9.1,-3.5,-12.6,0.0
520,Karl-Anthony Towns\townska01,C,21,Minnesotta Timberwolves,75,2776,25.3,.610,.188,.292,11.3,27.0,19.1,13.1,0.9,3.0,11.5,27.5,,8.5,2.7,11.2,.193,,4.4,0.3,4.6,4.6
521,P.J. Tucker\tuckepj01,SF,31,TOT,76,2121,10.6,.515,.399,.198,5.8,17.7,11.6,6.1,2.5,0.7,11.4,11.3,,1.3,2.1,3.4,.076,,-0.7,1.6,0.9,1.5
522,P.J. Tucker\tuckepj01,SF,31,Phoenix Suns,57,1627,10.6,.517,.384,.218,6.1,17.2,11.5,6.1,2.5,0.7,11.8,11.3,,1.0,1.4,2.4,.070,,-0.7,1.5,0.8,1.1
523,P.J. Tucker\tuckepj01,SF,31,Toronto Raptors,19,494,10.7,.508,.448,.133,4.6,19.5,12.0,6.1,2.7,0.9,9.7,11.1,,0.3,0.7,1.0,.097,,-0.7,2.0,1.2,0.4
524,Evan Turner\turneev01,SG,28,Portland Trailblazers,59,1503,11.6,.496,.219,.193,2.4,13.8,8.1,18.2,1.6,1.0,14.3,18.4,,0.1,1.0,1.2,.037,,-2.3,-0.4,-2.7,-0.3
525,Myles Turner\turnemy01,C,20,Indiana Pacers,76,2388,18.3,.582,.136,.346,6.0,19.2,12.7,6.7,1.5,5.9,9.3,19.5,,3.9,3.3,7.2,.145,,-0.4,2.5,2.2,2.5
526,Beno Udrih\udrihbe01,PG,34,Detroit Pistons,36,502,15.9,.537,.176,.182,1.1,10.4,5.5,34.2,1.2,0.0,14.8,19.7,,0.7,0.4,1.1,.108,,-0.7,-2.2,-2.9,-0.1
527,Tyler Ulis\ulisty01,PG,21,Phoenix Suns,57,978,12.4,.463,.162,.143,1.6,7.9,4.7,30.7,2.2,0.3,14.3,19.7,,0.0,0.4,0.5,.023,,-2.0,-2.3,-4.3,-0.6
528,Jarrod Uthoff\uthofja01,PF,23,Dallas Mavericks,3,7,13.9,.250,.000,.000,31.9,17.6,25.1,23.5,0.0,12.9,0.0,27.0,,0.0,0.0,0.0,.000,,-3.3,6.4,3.2,0.0
529,Jonas Valanciunas\valanjo01,C,24,Toronto Raptors,75,1946,20.0,.601,.000,.321,12.5,29.4,20.9,4.3,0.9,2.7,12.0,19.5,,4.6,2.8,7.3,.181,,-0.5,-0.2,-0.7,0.6
530,Denver Nuggetszel Valentine\valende01,SG,23,Chicago Bulls,52,907,7.7,.500,.725,.067,1.2,15.9,8.4,9.2,1.6,0.5,14.2,15.6,,-0.4,0.9,0.6,.030,,-2.2,-0.6,-2.7,-0.2
531,Fred VanVleet\vanvlfr01,PG,22,Toronto Raptors,34,272,10.6,.452,.269,.192,1.7,14.1,7.9,15.2,3.2,0.6,11.7,20.9,,-0.2,0.4,0.2,.038,,-3.1,-0.1,-3.1,-0.1
532,Anderson Varejao\varejan01,C,34,Golden State Warriors,14,92,9.4,.478,.000,.786,15.3,16.9,16.1,13.0,1.6,2.6,29.8,12.6,,0.0,0.1,0.2,.097,,-3.2,2.5,-0.7,0.0
533,Greivis Vasquez\vasqugr01,PG,30,Brooklyn Nets,3,39,4.1,.376,.375,.375,0.0,5.4,2.7,17.5,1.2,1.9,9.7,11.3,,0.0,0.0,0.0,-0.006,,-5.7,-1.8,-7.4,-0.1
534,Rashad Vaughn\vaughra01,SG,20,Milwaukee Bucks,37,393,8.0,.455,.562,.015,0.6,12.6,6.7,6.3,2.1,2.0,6.4,16.2,,-0.3,0.4,0.1,.007,,-3.4,-1.1,-4.5,-0.2
535,Noah Vonleh\vonleno01,PF,21,Portland Trailblazers,68,1089,9.8,.513,.085,.339,10.7,23.4,17.1,3.3,1.2,1.5,18.1,13.4,,0.1,1.0,1.1,.051,,-4.2,-0.6,-4.8,-0.8
536,Nikola Vucevic\vucevni01,C,26,Orlando Magic,70,2020,19.3,.500,.073,.164,8.9,30.9,19.6,16.8,1.7,2.8,9.9,25.0,,0.9,3.0,3.9,.092,,-1.2,2.4,1.2,1.6
537,San Antonio Spursha Vujacic\vujacsa01,SG,32,New York Knicks,37,323,7.9,.432,.552,.181,2.0,12.3,7.1,15.6,1.7,0.5,11.0,17.1,,-0.1,0.2,0.0,.005,,-2.8,-2.2,-4.9,-0.2
538,Dwyane Wade\wadedw01,SG,35,Chicago Bulls,57,1723,19.0,.509,.155,.293,3.8,12.4,8.1,22.7,2.5,1.8,10.7,29.7,,1.2,2.2,3.3,.093,,0.8,0.5,1.3,1.4
539,Dion Waiters\waitedi01,SG,25,Miami Heat,46,1384,14.5,.506,.325,.191,1.4,10.9,6.1,23.8,1.5,1.1,12.5,26.4,,0.2,1.4,1.6,.056,,-0.1,-0.9,-0.9,0.4
540,Kemba Walker\walkeke02,PG,26,Charlotte Hornets,76,2633,21.2,.569,.410,.246,1.9,10.7,6.3,28.9,1.6,0.7,9.6,29.1,,5.6,2.3,7.9,.144,,5.2,-1.6,3.6,3.7
541,John Wall\walljo01,PG,26,Washington Wizards,75,2733,23.3,.541,.188,.367,2.4,10.7,6.5,46.9,2.7,1.4,16.1,30.6,,5.6,2.9,8.6,.150,,3.8,0.3,4.1,4.2
542,Taurean Waller-Prince\princta02,SF,22,Atlanta Hawks,54,843,10.0,.507,.354,.346,3.0,15.4,9.3,7.6,2.4,2.6,15.9,17.2,,-0.4,1.4,1.0,.054,,-4.1,1.7,-2.4,-0.1
543,T.J. Warren\warretj01,SF,23,Phoenix Suns,62,1925,15.2,.534,.123,.191,6.4,11.1,8.7,5.8,1.8,1.6,6.2,19.2,,2.6,1.0,3.6,.090,,0.0,-0.4,-0.4,0.8
544,C.J. Watson\watsocj01,PG,32,Orlando Magic,60,974,9.3,.513,.426,.262,1.4,8.2,4.7,15.6,2.1,0.2,14.5,14.0,,0.2,0.7,0.9,.045,,-2.5,-0.9,-3.4,-0.4
545,Briante Weber\weberbr01,PG,24,TOT,18,160,12.6,.477,.128,.213,4.8,10.1,7.5,15.7,3.1,0.5,8.9,15.6,,0.1,0.2,0.3,.090,,-2.5,0.4,-2.0,0.0
546,Briante Weber\weberbr01,PG,24,Golden State Warriors,7,46,5.9,.392,.214,.214,0.0,9.0,4.8,13.9,3.1,1.7,16.4,17.2,,-0.1,0.1,0.0,-0.019,,-6.9,0.7,-6.3,0.0
547,Briante Weber\weberbr01,PG,24,Charlotte Hornets,11,114,15.3,.513,.091,.212,6.7,10.6,8.6,16.4,3.1,0.0,5.3,15.0,,0.2,0.1,0.3,.134,,-0.7,0.3,-0.3,0.0
548,David West\westda01,PF,36,Golden State Warriors,63,778,17.0,.575,.035,.232,5.7,19.7,13.1,23.8,2.5,4.7,21.0,17.7,,0.9,1.6,2.5,.156,,-1.7,4.2,2.5,0.9
549,Russell Westbrook\westbru01,PG,28,Oklahoma City Thunder,76,2645,30.6,.553,.292,.439,5.3,28.6,17.0,57.2,2.3,0.9,15.9,41.9,,7.9,4.3,12.2,.222,,10.7,4.6,15.3,11.5
550,Okaro White\whiteok01,PF,24,Miami Heat,30,403,8.8,.550,.370,.301,7.1,14.9,10.9,5.7,1.0,1.7,17.1,11.0,,0.3,0.4,0.7,.086,,-2.6,0.8,-1.8,0.0
551,Isaiah Whitehead\whiteis01,PG,21,Brooklyn Nets,69,1546,7.7,.494,.287,.226,2.0,9.6,5.9,17.5,1.2,1.6,20.5,18.3,,-1.5,0.9,-0.6,-0.020,,-4.2,-0.6,-4.8,-1.1
552,Hassan Whiteside\whiteha01,C,27,Miami Heat,72,2351,22.3,.579,.000,.358,12.6,35.0,23.7,3.7,1.1,5.1,12.2,22.4,,3.8,4.9,8.7,.177,,-2.1,1.5,-0.6,0.8
553,Andrew Wiggins\wiggian01,SF,21,Minnesotta Timberwolves,75,2798,16.3,.534,.183,.344,3.9,8.8,6.3,10.8,1.3,0.9,9.5,28.5,,3.0,1.0,4.0,.068,,0.1,-2.7,-2.6,-0.4
554,C.J. Wilcox\wilcocj01,SG,26,Orlando Magic,22,108,2.9,.329,.484,.065,3.9,8.3,6.1,15.4,0.9,0.7,15.8,15.4,,-0.2,0.0,-0.2,-0.087,,-6.5,-2.0,-8.5,-0.2
555,Alan Williams\willial03,PF,24,Phoenix Suns,43,615,18.4,.529,.004,.386,14.3,31.7,22.8,4.9,1.7,4.1,11.5,21.3,,0.7,0.8,1.5,.117,,-2.8,0.2,-2.7,-0.1
556,Deron Williams\willide01,PG,32,TOT,58,1526,14.4,.540,.390,.182,1.0,9.1,4.9,36.8,1.0,0.3,16.7,21.8,,1.6,0.9,2.5,.078,,0.5,-2.5,-2.0,0.0
557,Deron Williams\willide01,PG,32,Dallas Mavericks,40,1171,15.1,.532,.399,.185,1.2,9.3,5.1,40.1,1.1,0.2,16.6,23.8,,1.1,0.7,1.8,.074,,1.1,-2.4,-1.3,0.2
558,Deron Williams\willide01,PG,32,Cleveland Cavaliers,18,355,12.1,.583,.347,.168,0.3,8.1,4.3,25.9,0.6,0.9,17.1,15.4,,0.6,0.1,0.7,.093,,-1.2,-2.9,-4.2,-0.2
559,Derrick Williams\willide02,PF,25,TOT,45,756,10.8,.534,.400,.370,2.8,15.3,9.1,4.9,0.9,0.7,9.0,17.6,,0.4,0.6,1.0,.063,,-2.4,-1.8,-4.2,-0.4
560,Derrick Williams\willide02,PF,25,Miami Heat,25,377,10.1,.465,.328,.365,4.6,16.8,10.7,5.6,1.2,1.0,8.1,20.4,,-0.1,0.4,0.3,.038,,-3.8,-1.5,-5.2,-0.3
561,Derrick Williams\willide02,PF,25,Cleveland Cavaliers,20,379,11.4,.630,.500,.378,0.9,13.8,7.6,4.2,0.7,0.4,10.2,14.9,,0.5,0.2,0.7,.088,,-0.9,-2.2,-3.1,-0.1
562,Lou Williams\willilo02,SG,30,TOT,77,1886,22.1,.598,.442,.453,1.4,9.5,5.4,20.5,2.0,0.8,11.6,29.3,,5.2,0.9,6.1,.155,,4.3,-3.1,1.2,1.5
563,Lou Williams\willilo02,SG,30,Los Angeles Lakers,58,1403,23.9,.609,.431,.469,1.1,9.6,5.2,22.4,2.3,0.6,11.9,30.6,,4.3,0.5,4.9,.167,,5.4,-3.3,2.1,1.5
564,Lou Williams\willilo02,SG,30,Houston Rockets,19,483,16.9,.561,.480,.403,2.5,9.3,5.9,15.0,1.4,1.4,10.3,25.4,,0.9,0.4,1.2,.122,,0.9,-2.4,-1.5,0.1
565,Marvin Williams\willima02,PF,30,Charlotte Hornets,71,2162,14.0,.556,.501,.215,4.2,19.5,11.8,7.3,1.3,1.9,6.7,16.3,,2.6,2.6,5.1,.114,,0.0,0.5,0.6,1.4
566,Reggie Williams\willire02,SF,30,New Orleans Pelicans,6,79,11.7,.518,.478,.304,2.7,5.3,4.0,7.2,1.9,0.0,0.0,14.6,,0.1,0.1,0.2,.101,,-0.8,-1.5,-2.4,0.0
567,Troy Williams\willitr02,SF,22,TOT,25,457,8.7,.507,.373,.201,1.7,11.0,6.2,7.6,2.8,1.9,16.1,17.1,,-0.4,0.6,0.2,.023,,-3.7,1.2,-2.5,-0.1
568,Troy Williams\willitr02,SF,22,Memphis Grizzlies,24,418,7.7,.477,.336,.205,1.6,11.0,6.1,7.2,3.0,2.1,16.9,17.3,,-0.6,0.6,0.0,.004,,-4.6,1.6,-3.0,-0.1
569,Troy Williams\willitr02,F,22,Houston Rockets,1,39,19.5,.815,.750,.167,2.8,11.3,7.0,11.7,1.2,0.0,7.2,15.1,,0.2,0.0,0.2,.231,,5.7,-2.9,2.8,0.0
570,Kyle Wiltjer\wiltjky01,PF,24,Houston Rockets,13,43,6.9,.437,.929,.143,10.2,15.3,12.8,6.3,3.4,1.9,25.2,19.6,,-0.1,0.1,0.0,-0.037,,-3.9,0.1,-3.8,0.0
571,Justise Winslow\winslju01,SF,20,Miami Heat,18,625,8.3,.399,.156,.209,4.0,12.6,8.3,15.5,2.2,0.8,11.8,19.8,,-0.9,0.8,-0.1,-0.009,,-4.0,1.3,-2.7,-0.1
572,Jeff Withey\witheje01,C,26,Utah Jazz,47,406,17.8,.572,.010,.458,14.0,18.6,16.3,2.3,1.9,5.8,10.8,14.9,,0.8,0.9,1.6,.192,,-1.9,2.6,0.7,0.3
573,Christian Wood\woodch01,PF,21,Charlotte Hornets,12,94,16.3,.603,.250,.650,15.1,15.2,15.1,3.1,1.6,5.6,18.9,15.2,,0.2,0.1,0.3,.152,,-1.8,1.3,-0.5,0.0
574,Metta World Peace\artesro01,SF,37,Los Angeles Lakers,20,88,1.5,.306,.586,.414,3.6,10.3,6.8,10.6,1.7,1.9,10.4,18.6,,-0.3,0.0,-0.2,-0.121,,-6.4,-2.2,-8.5,-0.1
575,Brandan Wright\wrighbr03,PF,29,Memphis Grizzlies,23,364,19.5,.636,.008,.258,7.6,12.6,10.0,5.0,1.4,3.7,6.3,17.8,,0.9,0.4,1.4,.181,,0.1,0.6,0.7,0.2
576,Delon Wright\wrighde01,PG,24,Toronto Raptors,22,385,15.4,.547,.248,.485,3.8,8.8,6.3,18.2,3.2,2.3,15.8,16.9,,0.5,0.5,1.0,.122,,0.0,1.4,1.4,0.3
577,James Young\youngja01,SG,21,Boston Celtics,27,212,10.3,.558,.596,.123,3.2,10.4,6.9,2.8,2.1,0.8,6.2,13.4,,0.1,0.2,0.4,.081,,-1.8,-1.2,-3.0,-0.1
578,Joe Young\youngjo01,PG,24,Indiana Pacers,30,132,11.3,.431,.329,.214,0.9,12.5,6.8,18.4,1.5,0.0,6.1,27.7,,-0.2,0.1,-0.1,-0.027,,-3.5,-3.9,-7.4,-0.2
579,Nick Young\youngni01,SG,31,Los Angeles Lakers,60,1556,14.1,.588,.665,.142,1.7,8.1,4.8,5.8,1.2,0.7,5.1,19.5,,3.0,0.1,3.1,.095,,2.7,-3.5,-0.9,0.4
580,Thaddeus Young\youngth01,PF,28,Indiana Pacers,69,2068,14.5,.560,.186,.132,6.2,15.7,11.0,8.4,2.6,1.2,12.0,16.4,,1.5,2.4,4.0,.092,,-0.3,1.4,1.2,1.7
581,Cody Zeller\zelleco01,PF,24,Charlotte Hornets,57,1584,16.8,.606,.002,.451,8.8,16.8,12.8,9.0,1.8,3.1,11.4,15.7,,3.1,2.2,5.3,.160,,-0.2,2.4,2.2,1.7
582,Tyler Zeller\zellety01,C,27,Boston Celtics,48,497,12.9,.502,.007,.232,9.5,17.4,13.5,12.3,0.7,3.6,10.7,16.7,,0.4,0.6,0.9,.092,,-3.4,1.0,-2.4,0.0
583,Stephen Zimmerman\zimmest01,C,20,Orlando Magic,17,90,9.7,.386,.000,.200,10.6,26.2,18.2,4.8,1.1,2.7,3.5,13.8,,0.0,0.1,0.1,.045,,-6.4,0.0,-6.3,-0.1
584,Paul Zipser\zipsepa01,SF,22,Chicago Bulls,39,735,6.8,.503,.441,.215,2.0,13.6,7.8,5.8,0.9,1.7,15.4,14.3,,-0.3,0.6,0.3,.021,,-3.8,-0.2,-4.0,-0.4
585,Ivica Zubac\zubaciv01,C,19,Los Angeles Lakers,38,609,17.0,.547,.013,.206,7.1,21.9,14.2,8.1,1.1,4.4,10.4,20.3,,0.6,0.5,1.1,.083,,-2.8,0.1,-2.7,-0.1